num_flows,avg_dur,std_dev_dur,percent_stdev_dur,total_size_of_flows_orig,total_size_of_flows_resp,ratio_of_sizes,percent_of_established_states,inbound_pckts,outbound_pckts,periodicity_avg,periodicity_stdev,ssl_ratio,average_public_key,tls_version_ratio,avg_cert_length,stdev_cert_length,is_valid_certificate_during_capture,amount_diff_certificates,num_domains_in_cert,cert_ratio,num_certificate_path,x509_ssl_ratio,SNI_ssl_ratio,self_signed_ratio,is_SNIs_in_SNA_dns,SNI_equal_DstIP,is_CNs_in_SNA_dns,ratio_of_differ_SNI_in_ssl_log,ratio_of_differ_subject_in_ssl_log,ratio_of_differ_issuer_in_ssl_log,ratio_of_differ_subject_in_cert,ratio_of_differ_issuer_in_cert,ratio_of_differ_sandns_in_cert,ratio_of_same_subjects,ratio_of_same_issuer,ratio_is_same_CN_and_SNI,avg_certificate_exponent,is_SNI_in_top_level_domain,ratio_certificate_path_error,ratio_missing_cert_in_cert_path,label,detailedlabel,id.orig_h,id.resp_h,id.resp_p,proto,day,hour
7,3.496836571428571,8.001318342558928,0.1428571428571428,7826,20901,2.67071300792231,0.8571428571428571,81,146,0.5041965961456298,0.5597452415108725,0.4,-1.0,0.0,-1.0,-1.0,-1,0,-1.0,-1.0,1.0,0.0,1.0,0.0,-1,0,-1,0.0,0.0,0.0,-1.0,-1.0,-1.0,-1.0,-1.0,-1.0,-1.0,0.0,-1,-1,Benign,Microsoft,147.32.85.x27,51.124.78.146,443,tcp,0,8
3,0.7310526666666667,0.0984149910204515,0.6666666666666666,18748,15953,0.8509174311926605,1.0,36,56,460.5186719894409,0.0,0.5,-1.0,0.0,-1.0,-1.0,-1,0,-1.0,-1.0,1.0,0.0,1.0,0.0,-1,0,-1,0.0,0.0,0.0,-1.0,-1.0,-1.0,-1.0,-1.0,-1.0,-1.0,0.0,-1,-1,Benign,Microsoft,147.32.85.x27,20.42.73.29,443,tcp,0,8
2,0.196802,0.046937,0.0,1028,7530,7.324902723735408,1.0,38,36,-1.0,-1.0,0.0,-1.0,0.5,-1.0,-1.0,-1,0,-1.0,-1.0,1.0,0.0,1.0,0.0,-1,0,-1,0.0,0.0,0.0,-1.0,-1.0,-1.0,-1.0,-1.0,-1.0,-1.0,0.0,-1,-1,Benign,(empty),147.32.85.x27,185.48.81.253,443,tcp,0,8
1,0.600332,0.0,0.0,674,3171,4.704747774480712,1.0,18,24,-1.0,-1.0,0.0,256.0,1.0,365.0,0.0,0,1,1.0,0.7251347106286471,2.0,1.0,1.0,0.0,1,0,1,0.0,0.0,0.0,0.0,0.0,0.0,0.0,0.0,0.0,0.0,0.0,-1,-1,Benign,Microsoft,147.32.85.x27,40.70.229.150,443,tcp,0,8
1,0.234405,0.0,0.0,672,7422,11.044642857142858,1.0,22,20,-1.0,-1.0,0.0,2048.0,1.0,365.0,0.0,0,1,2.0,0.9026524448663464,2.0,1.0,1.0,0.0,1,0,1,0.0,0.0,0.0,0.0,0.0,0.0,1.0,1.0,0.0,65537.0,0.0,-1,-1,Benign,(empty),147.32.85.x27,23.75.65.202,443,tcp,0,8
2,0.252449,0.0387709999999999,0.0,10975,37570,3.423234624145786,1.0,19,31,-1.0,-1.0,0.0,-1.0,0.0,-1.0,-1.0,-1,0,-1.0,-1.0,1.0,0.0,1.0,0.0,-1,0,-1,0.0,0.0,0.0,-1.0,-1.0,-1.0,-1.0,-1.0,-1.0,-1.0,0.0,-1,-1,Benign,Microsoft,147.32.85.x27,40.126.32.68,443,tcp,0,8
2,4.1192245,0.0006774999999996,0.0,2679,21155,7.896603210153042,1.0,17,25,-1.0,-1.0,1.0,-1.0,0.0,-1.0,-1.0,-1,0,-1.0,-1.0,1.0,0.0,1.0,0.0,-1,0,-1,0.0,0.0,0.0,-1.0,-1.0,-1.0,-1.0,-1.0,-1.0,-1.0,0.0,-1,-1,Benign,(empty),147.32.85.x27,95.163.144.217,443,tcp,0,8
6,5.383734833333334,2.5772196403815637,0.3333333333333333,15498,278070,17.942315137437088,0.5,188,195,435.4401414990425,742.4340840464259,1.0,-1.0,0.0,-1.0,-1.0,-1,0,-1.0,-1.0,1.0,0.0,1.0,0.0,-1,0,-1,0.0,0.0,0.0,-1.0,-1.0,-1.0,-1.0,-1.0,-1.0,-1.0,0.0,-1,-1,Benign,(empty),147.32.85.x27,93.99.2.80,443,tcp,0,8
6,3.6088011666666655,0.1192393315387399,0.5,2828,31531,11.1495756718529,0.5,47,50,0.0926840305328369,0.0711710657539329,5.0,-1.0,0.0,-1.0,-1.0,-1,0,-1.0,-1.0,1.0,0.0,1.0,0.0,-1,0,-1,0.0,0.0,0.0,-1.0,-1.0,-1.0,-1.0,-1.0,-1.0,-1.0,0.0,-1,-1,Benign,(empty),147.32.85.x27,95.163.144.218,443,tcp,0,8
9,37.51624322222222,70.69393087376734,0.2222222222222222,14135,2771224,196.0540502299257,0.6666666666666666,602,754,1.5922140393938338,2.515201619859442,1.25,-1.0,0.0,-1.0,-1.0,-1,0,-1.0,-1.0,1.0,0.0,1.0,0.0,-1,0,-1,0.0,0.0,0.0,-1.0,-1.0,-1.0,-1.0,-1.0,-1.0,-1.0,0.0,-1,-1,Benign,(empty),147.32.85.x27,93.99.2.84,443,tcp,0,8
3,73.41761933333332,51.73977557628197,0.3333333333333333,1885,20147,10.688063660477454,1.0,44,77,8.799906969070435,0.0,0.0,-1.0,0.0,-1.0,-1.0,-1,0,-1.0,-1.0,1.0,0.0,1.0,0.0,-1,0,-1,0.0,0.0,0.0,-1.0,-1.0,-1.0,-1.0,-1.0,-1.0,-1.0,0.0,-1,-1,Benign,Microsoft,147.32.85.x27,20.223.237.241,443,tcp,0,8
2,45.293933,42.470351,0.5,6617,70306,10.625056672207949,1.0,37,38,-1.0,-1.0,1.0,-1.0,0.0,-1.0,-1.0,-1,0,-1.0,-1.0,1.0,0.0,1.0,0.0,-1,0,-1,0.0,0.0,0.0,-1.0,-1.0,-1.0,-1.0,-1.0,-1.0,-1.0,0.0,-1,-1,Benign,(empty),147.32.85.x27,93.99.2.99,443,tcp,0,8
5,3.7811576,5.964733061707543,0.2,9906,665333,67.16464768826974,1.0,161,237,1.734537680943807,2.4527494490294472,0.25,-1.0,0.5,-1.0,-1.0,-1,0,-1.0,-1.0,1.0,0.0,1.0,0.0,-1,0,-1,0.0,0.0,0.0,-1.0,-1.0,-1.0,-1.0,-1.0,-1.0,-1.0,0.0,-1,-1,Benign,(empty),147.32.85.x27,93.99.2.88,443,tcp,0,8
18,0.1907545555555555,0.1395191936804643,0.2222222222222222,22776,41211,1.809404636459431,0.8888888888888888,225,297,3.3401418775320053,4.616325304939731,0.5,-1.0,0.6666666666666666,-1.0,-1.0,-1,0,-1.0,-1.0,1.0,0.0,1.0,0.0,-1,0,-1,0.0,0.0,0.0,-1.0,-1.0,-1.0,-1.0,-1.0,-1.0,-1.0,0.0,-1,-1,Benign,(empty),147.32.85.x27,62.168.44.115,443,tcp,0,8
1,2.117578,0.0,0.0,1792,14329,7.99609375,1.0,12,21,-1.0,-1.0,0.0,-1.0,0.0,-1.0,-1.0,-1,0,-1.0,-1.0,1.0,0.0,1.0,0.0,-1,0,-1,0.0,0.0,0.0,-1.0,-1.0,-1.0,-1.0,-1.0,-1.0,-1.0,0.0,-1,-1,Benign,(empty),147.32.85.x27,194.213.222.29,443,tcp,0,8
15,0.1680782666666666,0.0908046153213713,0.1333333333333333,15294,25417,1.6618935530273309,0.9333333333333332,160,239,2.3589661304767318,4.1287885698406495,0.1538461538461538,-1.0,0.9230769230769232,-1.0,-1.0,-1,0,-1.0,-1.0,1.0,0.0,1.0,0.0,-1,0,-1,0.0,0.0,0.0,-1.0,-1.0,-1.0,-1.0,-1.0,-1.0,-1.0,0.0,-1,-1,Benign,(empty),147.32.85.x27,194.213.62.34,443,tcp,0,8
2,90.3828775,90.0159555,0.0,3227,1697,0.5258754260923458,0.0,24,27,-1.0,-1.0,1.0,-1.0,0.0,-1.0,-1.0,-1,0,-1.0,-1.0,1.0,0.0,1.0,0.0,-1,0,-1,0.0,0.0,0.0,-1.0,-1.0,-1.0,-1.0,-1.0,-1.0,-1.0,0.0,-1,-1,Benign,(empty),147.32.85.x27,185.29.132.241,443,tcp,0,8
1,4.864617,0.0,0.0,691,6828,9.881331403762664,1.0,12,22,-1.0,-1.0,0.0,-1.0,0.0,-1.0,-1.0,-1,0,-1.0,-1.0,1.0,0.0,1.0,0.0,-1,0,-1,0.0,0.0,0.0,-1.0,-1.0,-1.0,-1.0,-1.0,-1.0,-1.0,0.0,-1,-1,Benign,Microsoft,147.32.85.x27,20.190.190.99,443,tcp,0,8
1,62.645627,0.0,0.0,4439,17049,3.8407298941202974,1.0,57,71,-1.0,-1.0,0.0,-1.0,1.0,-1.0,-1.0,-1,0,-1.0,-1.0,1.0,0.0,1.0,0.0,-1,0,-1,0.0,0.0,0.0,-1.0,-1.0,-1.0,-1.0,-1.0,-1.0,-1.0,0.0,-1,-1,Benign,(empty),147.32.85.x27,37.157.6.252,443,tcp,0,8
2,100.544847,39.999208,0.0,6758,173076,25.61053566143829,1.0,75,92,-1.0,-1.0,0.0,-1.0,0.0,-1.0,-1.0,-1,0,-1.0,-1.0,1.0,0.0,1.0,0.0,-1,0,-1,0.0,0.0,0.0,-1.0,-1.0,-1.0,-1.0,-1.0,-1.0,-1.0,0.0,-1,-1,Benign,(empty),147.32.85.x27,185.59.208.153,443,tcp,0,8
2,180.035991,93.29238,0.0,3998,8155,2.039769884942471,1.0,50,42,-1.0,-1.0,0.0,256.0,1.0,396.0,0.0,0,1,2.0,0.3132974011321445,2.0,1.0,1.0,0.0,1,0,1,0.0,1.0,1.0,0.0,0.0,0.0,0.5,0.5,0.0,0.0,0.0,-1,-1,Benign,(empty),147.32.85.x27,37.252.172.68,443,tcp,0,8
1,273.338634,0.0,0.0,2292,4651,2.0292321116928447,1.0,30,28,-1.0,-1.0,0.0,-1.0,1.0,-1.0,-1.0,-1,0,-1.0,-1.0,1.0,0.0,1.0,0.0,-1,0,-1,0.0,0.0,0.0,-1.0,-1.0,-1.0,-1.0,-1.0,-1.0,-1.0,0.0,-1,-1,Benign,(empty),147.32.85.x27,185.64.191.208,443,tcp,0,8
2,10.348012,0.0159519999999995,0.5,3169,9445,2.980435468602083,1.0,19,22,-1.0,-1.0,0.0,-1.0,1.0,-1.0,-1.0,-1,0,-1.0,-1.0,1.0,0.0,1.0,0.0,-1,0,-1,0.0,0.0,0.0,-1.0,-1.0,-1.0,-1.0,-1.0,-1.0,-1.0,0.0,-1,-1,Benign,(empty),147.32.85.x27,185.86.139.96,443,tcp,0,8
1,60.301713,0.0,0.0,1683,6228,3.700534759358289,1.0,22,27,-1.0,-1.0,0.0,-1.0,1.0,-1.0,-1.0,-1,0,-1.0,-1.0,1.0,0.0,1.0,0.0,-1,0,-1,0.0,0.0,0.0,-1.0,-1.0,-1.0,-1.0,-1.0,-1.0,-1.0,0.0,-1,-1,Benign,(empty),147.32.85.x27,54.93.144.217,443,tcp,0,8
1,60.314152,0.0,0.0,2072,5593,2.699324324324324,1.0,22,24,-1.0,-1.0,0.0,-1.0,0.0,-1.0,-1.0,-1,0,-1.0,-1.0,1.0,0.0,1.0,0.0,-1,0,-1,0.0,0.0,0.0,-1.0,-1.0,-1.0,-1.0,-1.0,-1.0,-1.0,0.0,-1,-1,Benign,(empty),147.32.85.x27,147.75.85.234,443,tcp,0,8
2,42.71571,41.383422,0.5,9738,23287,2.391353460669542,0.5,67,66,-1.0,-1.0,1.0,-1.0,1.0,-1.0,-1.0,-1,0,-1.0,-1.0,1.0,0.0,1.0,0.0,-1,0,-1,0.0,0.0,0.0,-1.0,-1.0,-1.0,-1.0,-1.0,-1.0,-1.0,0.0,-1,-1,Benign,(empty),147.32.85.x27,3.64.111.163,443,tcp,0,8
1,60.759691,0.0,0.0,1526,4024,2.636959370904325,1.0,25,28,-1.0,-1.0,0.0,-1.0,0.0,-1.0,-1.0,-1,0,-1.0,-1.0,1.0,0.0,1.0,0.0,-1,0,-1,0.0,0.0,0.0,-1.0,-1.0,-1.0,-1.0,-1.0,-1.0,-1.0,0.0,-1,-1,Benign,(empty),147.32.85.x27,52.223.40.198,443,tcp,0,8
1,44.034931,0.0,0.0,1842,21676,11.767643865363736,1.0,26,22,-1.0,-1.0,0.0,-1.0,1.0,-1.0,-1.0,-1,0,-1.0,-1.0,1.0,0.0,1.0,0.0,-1,0,-1,0.0,0.0,0.0,-1.0,-1.0,-1.0,-1.0,-1.0,-1.0,-1.0,0.0,-1,-1,Benign,(empty),147.32.85.x27,195.168.10.171,443,tcp,0,8
2,134.76197000000002,133.71656500000003,0.0,4454,4328,0.9717108217332736,0.5,35,27,-1.0,-1.0,1.0,-1.0,1.0,-1.0,-1.0,-1,0,-1.0,-1.0,1.0,0.0,1.0,0.0,-1,0,-1,0.0,0.0,0.0,-1.0,-1.0,-1.0,-1.0,-1.0,-1.0,-1.0,0.0,-1,-1,Benign,(empty),147.32.85.x27,23.47.209.6,443,tcp,0,8
1,81.924973,0.0,0.0,2282,6399,2.804119193689746,1.0,22,24,-1.0,-1.0,0.0,2048.0,1.0,394.0,0.0,0,1,2.0,0.1808121272738251,3.0,1.0,1.0,0.0,1,0,1,0.0,0.0,0.0,0.0,0.0,0.0,0.0,0.0,0.0,65537.0,0.0,-1,-1,Benign,(empty),147.32.85.x27,35.211.178.172,443,tcp,0,8
1,10.339376,0.0,0.0,1315,4110,3.1254752851711025,1.0,18,16,-1.0,-1.0,0.0,256.0,1.0,396.0,0.0,0,1,2.0,0.313297553782232,2.0,1.0,1.0,0.0,1,0,1,0.0,0.0,0.0,0.0,0.0,0.0,0.0,0.0,0.0,0.0,0.0,-1,-1,Benign,(empty),147.32.85.x27,37.252.172.249,443,tcp,0,8
1,81.45566,0.0,0.0,2044,6253,3.059197651663405,1.0,18,24,-1.0,-1.0,0.0,-1.0,0.0,-1.0,-1.0,-1,0,-1.0,-1.0,1.0,0.0,1.0,0.0,-1,0,-1,0.0,0.0,0.0,-1.0,-1.0,-1.0,-1.0,-1.0,-1.0,-1.0,0.0,-1,-1,Benign,(empty),147.32.85.x27,52.59.89.142,443,tcp,0,8
1,267.763447,0.0,0.0,1312,7230,5.510670731707317,1.0,29,29,-1.0,-1.0,0.0,2048.0,1.0,396.0,0.0,0,1,1.0,0.2805814150442173,2.0,1.0,1.0,0.0,1,0,1,0.0,0.0,0.0,0.0,0.0,0.0,0.0,0.0,1.0,65537.0,0.0,-1,-1,Benign,(empty),147.32.85.x27,104.64.173.52,443,tcp,0,8
1,0.15591,0.0,0.0,1293,5093,3.938901778808972,1.0,24,26,-1.0,-1.0,0.0,-1.0,1.0,-1.0,-1.0,-1,0,-1.0,-1.0,1.0,0.0,1.0,0.0,-1,0,-1,0.0,0.0,0.0,-1.0,-1.0,-1.0,-1.0,-1.0,-1.0,-1.0,0.0,-1,-1,Benign,(empty),147.32.85.x27,18.196.91.239,443,tcp,0,8
2,0.1057025,0.0002585,0.5,2551,4097,1.6060368482947864,1.0,24,40,-1.0,-1.0,0.0,-1.0,1.0,-1.0,-1.0,-1,0,-1.0,-1.0,1.0,0.0,1.0,0.0,-1,0,-1,0.0,0.0,0.0,-1.0,-1.0,-1.0,-1.0,-1.0,-1.0,-1.0,0.0,-1,-1,Benign,(empty),147.32.85.x27,62.209.227.210,443,tcp,0,8
3,0.5699553333333334,0.1134496075219693,0.6666666666666666,2414,11932,4.942833471416736,0.6666666666666666,34,58,0.1023309230804443,0.0,2.0,-1.0,0.0,-1.0,-1.0,-1,0,-1.0,-1.0,1.0,0.0,1.0,0.0,-1,0,-1,0.0,0.0,0.0,-1.0,-1.0,-1.0,-1.0,-1.0,-1.0,-1.0,0.0,-1,-1,Benign,Microsoft,147.32.85.x27,13.71.55.58,443,tcp,0,8
1,252.986511,0.0,0.0,1144,3786,3.30944055944056,1.0,32,34,-1.0,-1.0,0.0,-1.0,0.0,-1.0,-1.0,-1,0,-1.0,-1.0,1.0,0.0,1.0,0.0,-1,0,-1,0.0,0.0,0.0,-1.0,-1.0,-1.0,-1.0,-1.0,-1.0,-1.0,0.0,-1,-1,Benign,(empty),147.32.85.x27,104.18.12.169,443,tcp,0,8
1,65.255902,0.0,0.0,1206,4462,3.69983416252073,1.0,19,27,-1.0,-1.0,0.0,-1.0,1.0,-1.0,-1.0,-1,0,-1.0,-1.0,1.0,0.0,1.0,0.0,-1,0,-1,0.0,0.0,0.0,-1.0,-1.0,-1.0,-1.0,-1.0,-1.0,-1.0,0.0,-1,-1,Benign,(empty),147.32.85.x27,185.181.176.109,443,tcp,0,8
2,5.1004275,4.8599575,0.5,1779,5308,2.983698707138842,1.0,28,26,-1.0,-1.0,1.0,-1.0,1.0,-1.0,-1.0,-1,0,-1.0,-1.0,1.0,0.0,1.0,0.0,-1,0,-1,0.0,0.0,0.0,-1.0,-1.0,-1.0,-1.0,-1.0,-1.0,-1.0,0.0,-1,-1,Benign,(empty),147.32.85.x27,93.99.2.85,443,tcp,0,8
1,2957.688702,0.0,0.0,2067,908701299,439623.26995645865,1.0,84075,31016,-1.0,-1.0,0.0,-1.0,1.0,-1.0,-1.0,-1,0,-1.0,-1.0,1.0,0.0,1.0,0.0,-1,0,-1,0.0,0.0,0.0,-1.0,-1.0,-1.0,-1.0,-1.0,-1.0,-1.0,0.0,-1,-1,Benign,(empty),147.32.85.x27,93.99.2.43,443,tcp,0,8
1,0.57281,0.0,0.0,416,5909,14.204326923076923,1.0,12,16,-1.0,-1.0,0.0,-1.0,1.0,-1.0,-1.0,-1,0,-1.0,-1.0,1.0,0.0,1.0,0.0,-1,0,-1,0.0,0.0,0.0,-1.0,-1.0,-1.0,-1.0,-1.0,-1.0,-1.0,0.0,-1,-1,Benign,(empty),147.32.85.x27,44.195.18.218,443,tcp,0,8
1,0.42934,0.0,0.0,10569,6753,0.6389440817485098,1.0,16,24,-1.0,-1.0,0.0,-1.0,0.0,-1.0,-1.0,-1,0,-1.0,-1.0,1.0,0.0,1.0,0.0,-1,0,-1,0.0,0.0,0.0,-1.0,-1.0,-1.0,-1.0,-1.0,-1.0,-1.0,0.0,-1,-1,Benign,Microsoft,147.32.85.x27,20.42.73.26,443,tcp,0,8
1,30.123924,0.0,0.0,1419,5579,3.9316420014094433,1.0,17,20,-1.0,-1.0,0.0,-1.0,1.0,-1.0,-1.0,-1,0,-1.0,-1.0,1.0,0.0,1.0,0.0,-1,0,-1,0.0,0.0,0.0,-1.0,-1.0,-1.0,-1.0,-1.0,-1.0,-1.0,0.0,-1,-1,Benign,(empty),147.32.85.x27,37.157.6.245,443,tcp,0,8
1,1.379861,0.0,0.0,3600,4682,1.3005555555555557,1.0,22,28,-1.0,-1.0,0.0,-1.0,0.0,-1.0,-1.0,-1,0,-1.0,-1.0,1.0,0.0,1.0,0.0,-1,0,-1,0.0,0.0,0.0,-1.0,-1.0,-1.0,-1.0,-1.0,-1.0,-1.0,0.0,-1,-1,Benign,Microsoft,147.32.85.x27,20.72.205.209,443,tcp,0,8
1,0.164951,0.0,0.0,5394,3826,0.7093066370040786,1.0,24,18,-1.0,-1.0,0.0,256.0,1.0,331.0,0.0,0,1,5.0,0.2782604515753407,2.0,1.0,1.0,0.0,1,0,1,0.0,0.0,0.0,0.0,0.0,0.0,0.0,0.0,1.0,0.0,0.0,-1,-1,Benign,(empty),147.32.85.x27,82.145.216.19,443,tcp,0,8
2,0.1198825,0.0007445,0.0,4158,22517,5.415343915343915,1.0,24,40,-1.0,-1.0,0.0,-1.0,0.0,-1.0,-1.0,-1,0,-1.0,-1.0,1.0,0.0,1.0,0.0,-1,0,-1,1.0,0.0,0.0,-1.0,-1.0,-1.0,-1.0,-1.0,-1.0,-1.0,0.0,-1,-1,Benign,Microsoft,147.32.85.x27,20.73.130.64,443,tcp,0,8
11,20.70512572727273,12.657618598249286,0.2727272727272727,31758,691355,21.76947540777127,0.6363636363636364,277,255,619.8889246781667,757.8965951832457,1.75,-1.0,0.0,-1.0,-1.0,-1,0,-1.0,-1.0,1.0,0.0,1.0,0.0,-1,0,-1,0.75,0.0,0.0,-1.0,-1.0,-1.0,-1.0,-1.0,-1.0,-1.0,0.0,-1,-1,Benign,Microsoft,147.32.85.x27,131.253.33.203,443,tcp,0,8
3,19.33995833333333,13.456627106139596,0.3333333333333333,1830,19161,10.470491803278687,0.6666666666666666,5,30,922.7119989395142,0.0,0.5,-1.0,0.0,-1.0,-1.0,-1,0,-1.0,-1.0,1.0,0.0,1.0,0.0,-1,0,-1,0.0,0.0,0.0,-1.0,-1.0,-1.0,-1.0,-1.0,-1.0,-1.0,0.0,-1,-1,Benign,Microsoft,147.32.85.x27,20.234.93.27,443,tcp,0,8
7,8.072748428571428,12.37803312385027,0.2857142857142857,8955,51061,5.701954215522055,1.0,102,144,0.2952765941619873,0.590333726707475,0.1666666666666666,-1.0,0.0,-1.0,-1.0,-1,0,-1.0,-1.0,1.0,0.0,1.0,0.0,-1,0,-1,0.0,0.0,0.0,-1.0,-1.0,-1.0,-1.0,-1.0,-1.0,-1.0,0.0,-1,-1,Benign,Microsoft,147.32.85.x27,20.40.136.238,443,tcp,0,8
3,21.097798666666662,10.179635823157078,0.3333333333333333,134621,36961,0.2745559756650151,1.0,100,116,0.1632940769195556,0.0,0.0,-1.0,0.0,-1.0,-1.0,-1,0,-1.0,-1.0,1.0,0.0,1.0,0.0,-1,0,-1,0.0,0.0,0.0,-1.0,-1.0,-1.0,-1.0,-1.0,-1.0,-1.0,0.0,-1,-1,Benign,Microsoft,147.32.85.x27,20.42.65.88,443,tcp,0,8
4,20.40476225,11.750810201168097,0.25,3758,173925,46.2812666311868,1.0,82,90,464.4929975271225,458.9339293241501,0.0,-1.0,0.0,-1.0,-1.0,-1,0,-1.0,-1.0,1.0,0.0,1.0,0.0,-1,0,-1,0.5,0.0,0.0,-1.0,-1.0,-1.0,-1.0,-1.0,-1.0,-1.0,0.0,-1,-1,Benign,Microsoft,147.32.85.x27,204.79.197.219,443,tcp,0,8
2,27.1020775,0.0748935000000017,0.0,2448,67498,27.57271241830065,1.0,84,70,-1.0,-1.0,0.0,-1.0,1.0,-1.0,-1.0,-1,0,-1.0,-1.0,1.0,0.0,1.0,0.0,-1,0,-1,0.0,0.0,0.0,-1.0,-1.0,-1.0,-1.0,-1.0,-1.0,-1.0,0.0,-1,-1,Benign,(empty),147.32.85.x27,151.101.1.44,443,tcp,0,8
11,41.74226309090909,26.32868573747984,0.2727272727272727,3322,42440,12.775436484045755,0.8181818181818182,120,136,175.98077260123358,118.43119707206846,2.6666666666666665,-1.0,0.6666666666666666,-1.0,-1.0,-1,0,-1.0,-1.0,1.0,0.0,1.0,0.0,-1,0,-1,0.0,0.0,0.0,-1.0,-1.0,-1.0,-1.0,-1.0,-1.0,-1.0,0.0,-1,-1,Benign,(empty),147.32.85.x27,44.199.131.244,443,tcp,0,8
1,1.393408,0.0,0.0,27045,6089,0.2251432797189868,1.0,27,30,-1.0,-1.0,0.0,-1.0,0.0,-1.0,-1.0,-1,0,-1.0,-1.0,1.0,0.0,1.0,0.0,-1,0,-1,0.0,0.0,0.0,-1.0,-1.0,-1.0,-1.0,-1.0,-1.0,-1.0,0.0,-1,-1,Benign,Microsoft,147.32.85.x27,20.189.173.2,443,tcp,0,8
9,53.56957055555555,18.799294717888028,0.1111111111111111,3737,53798,14.396039603960396,0.8888888888888888,131,154,256.3745012283325,224.38825307851613,0.5,-1.0,0.8333333333333334,-1.0,-1.0,-1,0,-1.0,-1.0,1.0,0.0,1.0,0.0,-1,0,-1,0.0,0.0,0.0,-1.0,-1.0,-1.0,-1.0,-1.0,-1.0,-1.0,0.0,-1,-1,Benign,(empty),147.32.85.x27,3.225.207.179,443,tcp,0,8
8,60.187972125,0.07834794140154,0.5,3322,36195,10.895544852498494,1.0,114,128,453.10006952285767,396.75916183152674,0.6,-1.0,0.6,-1.0,-1.0,-1,0,-1.0,-1.0,1.0,0.0,1.0,0.0,-1,0,-1,0.0,0.0,0.0,-1.0,-1.0,-1.0,-1.0,-1.0,-1.0,-1.0,0.0,-1,-1,Benign,(empty),147.32.85.x27,34.199.61.195,443,tcp,0,8
1,21.623709,0.0,0.0,4095,17690,4.31990231990232,0.0,10,11,-1.0,-1.0,0.0,-1.0,0.0,-1.0,-1.0,-1,0,-1.0,-1.0,1.0,0.0,1.0,0.0,-1,0,-1,0.0,0.0,0.0,-1.0,-1.0,-1.0,-1.0,-1.0,-1.0,-1.0,0.0,-1,-1,Benign,Microsoft,147.32.85.x27,20.126.153.54,443,tcp,0,8
3,37.055199,27.369216012869387,0.6666666666666666,9203,190194,20.66652178637401,1.0,128,178,0.066709280014038,0.0,0.5,-1.0,0.5,-1.0,-1.0,-1,0,-1.0,-1.0,1.0,0.0,1.0,0.0,-1,0,-1,0.0,0.0,0.0,-1.0,-1.0,-1.0,-1.0,-1.0,-1.0,-1.0,0.0,-1,-1,Benign,(empty),147.32.85.x27,88.86.100.182,443,tcp,0,8
1,125.731653,0.0,0.0,651,4021,6.176651305683564,1.0,13,16,-1.0,-1.0,0.0,-1.0,0.0,-1.0,-1.0,-1,0,-1.0,-1.0,1.0,0.0,1.0,0.0,-1,0,-1,0.0,0.0,0.0,-1.0,-1.0,-1.0,-1.0,-1.0,-1.0,-1.0,0.0,-1,-1,Benign,Microsoft,147.32.85.x27,40.74.108.123,443,tcp,0,8
4,30.25007125,29.989071344182214,0.5,1238,17959,14.506462035541196,0.5,41,46,1170.0579497814178,199.5615725517273,0.3333333333333333,-1.0,0.3333333333333333,-1.0,-1.0,-1,0,-1.0,-1.0,1.0,0.0,1.0,0.0,-1,0,-1,0.0,0.0,0.0,-1.0,-1.0,-1.0,-1.0,-1.0,-1.0,-1.0,0.0,-1,-1,Benign,(empty),147.32.85.x27,54.204.55.130,443,tcp,0,8
1,110.077151,0.0,0.0,922,17209,18.6648590021692,1.0,18,24,-1.0,-1.0,0.0,-1.0,0.0,-1.0,-1.0,-1,0,-1.0,-1.0,1.0,0.0,1.0,0.0,-1,0,-1,0.0,0.0,0.0,-1.0,-1.0,-1.0,-1.0,-1.0,-1.0,-1.0,0.0,-1,-1,Benign,Microsoft,147.32.85.x27,52.109.8.21,443,tcp,0,8
1,0.160556,0.0,0.0,2926,4860,1.6609706083390294,1.0,12,16,-1.0,-1.0,0.0,-1.0,0.0,-1.0,-1.0,-1,0,-1.0,-1.0,1.0,0.0,1.0,0.0,-1,0,-1,0.0,0.0,0.0,-1.0,-1.0,-1.0,-1.0,-1.0,-1.0,-1.0,0.0,-1,-1,Benign,Microsoft,147.32.85.x27,51.105.71.137,443,tcp,0,8
2,0.1213845,0.0099255,0.0,3518,17631,5.011654349061967,1.0,28,40,-1.0,-1.0,0.0,-1.0,0.0,-1.0,-1.0,-1,0,-1.0,-1.0,1.0,0.0,1.0,0.0,-1,0,-1,0.0,0.0,0.0,-1.0,-1.0,-1.0,-1.0,-1.0,-1.0,-1.0,0.0,-1,-1,Benign,Microsoft,147.32.85.x27,20.86.249.62,443,tcp,0,8
2,28.7523475,0.1076055,0.5,18635,126747,6.801556211430104,0.0,115,154,-1.0,-1.0,1.0,-1.0,0.0,-1.0,-1.0,-1,0,-1.0,-1.0,1.0,0.0,1.0,0.0,-1,0,-1,0.0,0.0,0.0,-1.0,-1.0,-1.0,-1.0,-1.0,-1.0,-1.0,0.0,-1,-1,Benign,(empty),147.32.85.x27,2.21.172.17,443,tcp,0,8
5,13.0497398,12.493812518938237,0.6,112491,41445,0.3684294743579486,0.6,73,102,309.73301219940186,437.8547413400415,1.5,-1.0,0.0,-1.0,-1.0,-1,0,-1.0,-1.0,1.0,0.0,1.0,0.0,-1,0,-1,0.0,0.0,0.0,-1.0,-1.0,-1.0,-1.0,-1.0,-1.0,-1.0,0.0,-1,-1,Benign,Microsoft,147.32.85.x27,13.89.179.8,443,tcp,0,8
5,22.0954226,11.053798901430053,0.2,3229,47160,14.605140910498609,0.6,27,40,1245.6687813599904,862.3389424547,1.5,-1.0,0.0,-1.0,-1.0,-1,0,-1.0,-1.0,1.0,0.0,1.0,0.0,-1,0,-1,0.0,0.0,0.0,-1.0,-1.0,-1.0,-1.0,-1.0,-1.0,-1.0,0.0,-1,-1,Benign,Microsoft,147.32.85.x27,131.253.33.219,443,tcp,0,8
13,6.708534692307692,11.636460597207304,0.2307692307692307,12531,64676,5.161280025536669,0.6153846153846154,109,145,337.3204104683616,715.3696422702947,1.6,-1.0,0.0,-1.0,-1.0,-1,0,-1.0,-1.0,1.0,0.0,1.0,0.0,-1,0,-1,0.0,0.0,0.0,-1.0,-1.0,-1.0,-1.0,-1.0,-1.0,-1.0,0.0,-1,-1,Benign,Microsoft,147.32.85.x27,20.82.210.154,443,tcp,0,8
3,1.6760483333333334,0.1336799356032494,0.6666666666666666,1425,12872,9.032982456140353,0.6666666666666666,30,41,922.9074671268464,0.0,2.0,256.0,1.0,365.0,0.0,0,1,2.0,0.2524456152770068,2.0,1.0,1.0,0.0,0,0,1,0.0,0.0,0.0,0.0,0.0,0.0,0.0,0.0,0.0,0.0,0.0,-1,-1,Benign,(empty),147.32.85.x27,140.82.121.4,443,tcp,0,8
3,1.708195666666667,0.2173694650471608,0.3333333333333333,1446,11074,7.658367911479945,1.0,26,47,922.5410809516908,0.0,0.5,256.0,0.5,365.0,0.0,0,1,2.0,0.2524456176838792,1.5,0.5,1.0,0.0,1,0,1,1.0,1.0,1.0,0.0,0.0,0.0,0.0,0.0,1.0,0.0,0.0,-1,-1,Benign,(empty),147.32.85.x27,140.82.121.3,443,tcp,0,8
2,0.84499,0.110464,0.0,12518,10642,0.8501358044416041,1.0,21,30,-1.0,-1.0,1.0,-1.0,0.0,-1.0,-1.0,-1,0,-1.0,-1.0,1.0,0.0,1.0,0.0,-1,0,-1,0.0,0.0,0.0,-1.0,-1.0,-1.0,-1.0,-1.0,-1.0,-1.0,0.0,-1,-1,Benign,Microsoft,147.32.85.x27,52.182.143.212,443,tcp,0,8
2,0.335295,0.0597,0.5,1328,11657,8.777861445783133,1.0,8,21,-1.0,-1.0,0.0,-1.0,0.0,-1.0,-1.0,-1,0,-1.0,-1.0,1.0,0.0,1.0,0.0,-1,0,-1,0.0,0.0,0.0,-1.0,-1.0,-1.0,-1.0,-1.0,-1.0,-1.0,0.0,-1,-1,Benign,Microsoft,147.32.85.x27,52.109.12.20,443,tcp,0,8
5,48.1638904,23.9582321217216,0.2,1923,13014,6.767550702028081,0.8,48,74,380.9091703097026,205.8902021881016,1.5,-1.0,0.0,-1.0,-1.0,-1,0,-1.0,-1.0,1.0,0.0,1.0,0.0,-1,0,-1,0.0,0.0,0.0,-1.0,-1.0,-1.0,-1.0,-1.0,-1.0,-1.0,0.0,-1,-1,Benign,(empty),147.32.85.x27,34.225.234.66,443,tcp,0,8
1,4e-06,0.0,0.0,284,0,0.0,0.0,0,2,-1.0,-1.0,0.0,-1.0,0.0,-1.0,-1.0,-1,0,-1.0,-1.0,1.0,0.0,1.0,0.0,-1,-1,-1,0.0,0.0,0.0,-1.0,-1.0,-1.0,-1.0,-1.0,-1.0,-1.0,0.0,-1,-1,Malicious,External-Attack-to-Device,146.88.240.x5,147.32.85.12,443,udp,0,8
7,60.225147285714286,0.1691884175609411,0.2857142857142857,2907,36376,12.513243894048848,1.0,94,104,455.300888299942,268.82398156832005,2.5,-1.0,0.5,-1.0,-1.0,-1,0,-1.0,-1.0,1.0,0.0,1.0,0.0,-1,0,-1,0.0,0.0,0.0,-1.0,-1.0,-1.0,-1.0,-1.0,-1.0,-1.0,0.0,-1,-1,Benign,(empty),147.32.85.x27,52.206.156.204,443,tcp,0,8
1,0.189572,0.0,0.0,2399,12827,5.346811171321384,1.0,10,18,-1.0,-1.0,0.0,-1.0,0.0,-1.0,-1.0,-1,0,-1.0,-1.0,1.0,0.0,1.0,0.0,-1,0,-1,0.0,0.0,0.0,-1.0,-1.0,-1.0,-1.0,-1.0,-1.0,-1.0,0.0,-1,-1,Benign,Microsoft,147.32.85.x27,20.82.250.189,443,tcp,0,8
3,12.482136666666667,11.966010094855967,0.3333333333333333,17329,91639,5.288187431473253,0.0,55,67,20.89631485939026,0.0,2.0,-1.0,0.0,-1.0,-1.0,-1,0,-1.0,-1.0,1.0,0.0,1.0,0.0,-1,0,-1,0.0,0.0,0.0,-1.0,-1.0,-1.0,-1.0,-1.0,-1.0,-1.0,0.0,-1,-1,Benign,(empty),147.32.85.x27,2.21.172.96,443,tcp,0,8
1,28.879239,0.0,0.0,1867,7960,4.263524370648098,1.0,18,13,-1.0,-1.0,0.0,-1.0,0.0,-1.0,-1.0,-1,0,-1.0,-1.0,1.0,0.0,1.0,0.0,-1,0,-1,0.0,0.0,0.0,-1.0,-1.0,-1.0,-1.0,-1.0,-1.0,-1.0,0.0,-1,-1,Benign,Microsoft,147.32.85.x27,13.107.40.203,443,tcp,0,8
3,40.23326866666667,28.21672535064325,0.3333333333333333,1245,17827,14.318875502008032,1.0,26,28,2045.08321928978,0.0,2.0,-1.0,0.0,-1.0,-1.0,-1,0,-1.0,-1.0,1.0,0.0,1.0,0.0,-1,0,-1,0.0,0.0,0.0,-1.0,-1.0,-1.0,-1.0,-1.0,-1.0,-1.0,0.0,-1,-1,Benign,(empty),147.32.85.x27,34.225.234.66,443,tcp,0,9
7,60.14492499999999,0.1016213954229826,0.4285714285714285,2603,41904,16.09834805993085,0.8571428571428571,98,107,738.484885263443,283.62221345082474,0.4,-1.0,0.4,-1.0,-1.0,-1,0,-1.0,-1.0,1.0,0.0,1.0,0.0,-1,0,-1,0.0,0.0,0.0,-1.0,-1.0,-1.0,-1.0,-1.0,-1.0,-1.0,0.0,-1,-1,Benign,(empty),147.32.85.x27,54.204.55.130,443,tcp,0,9
1,0.175734,0.0,0.0,5729,9199,1.6056903473555597,1.0,30,20,-1.0,-1.0,0.0,-1.0,1.0,-1.0,-1.0,-1,0,-1.0,-1.0,1.0,0.0,1.0,0.0,-1,0,-1,0.0,0.0,0.0,-1.0,-1.0,-1.0,-1.0,-1.0,-1.0,-1.0,0.0,-1,-1,Benign,(empty),147.32.85.x27,93.99.2.80,443,tcp,0,9
9,53.513119333333336,18.74308396701882,0.1111111111111111,3045,47945,15.745484400656814,0.8888888888888888,116,146,180.998156615666,201.79496467414737,0.2857142857142857,-1.0,0.4285714285714285,-1.0,-1.0,-1,0,-1.0,-1.0,1.0,0.0,1.0,0.0,-1,0,-1,0.0,0.0,0.0,-1.0,-1.0,-1.0,-1.0,-1.0,-1.0,-1.0,0.0,-1,-1,Benign,(empty),147.32.85.x27,52.206.156.204,443,tcp,0,9
8,52.73282925,19.734090993459507,0.125,3321,41903,12.617585064739536,1.0,99,127,265.857253630956,123.17052322124658,0.1428571428571428,-1.0,0.5714285714285714,-1.0,-1.0,-1,0,-1.0,-1.0,1.0,0.0,1.0,0.0,-1,0,-1,0.0,0.0,0.0,-1.0,-1.0,-1.0,-1.0,-1.0,-1.0,-1.0,0.0,-1,-1,Benign,(empty),147.32.85.x27,34.199.61.195,443,tcp,0,9
1,1.100085,0.0,0.0,4186,5268,1.2584806497849976,1.0,11,14,-1.0,-1.0,0.0,-1.0,0.0,-1.0,-1.0,-1,0,-1.0,-1.0,1.0,0.0,1.0,0.0,-1,0,-1,0.0,0.0,0.0,-1.0,-1.0,-1.0,-1.0,-1.0,-1.0,-1.0,0.0,-1,-1,Benign,Microsoft,147.32.85.x27,20.189.173.11,443,tcp,0,9
1,1.080255,0.0,0.0,972,7024,7.226337448559671,0.0,4,12,-1.0,-1.0,0.0,2048.0,0.0,457.0,0.0,0,1,-1.0,0.8089028194462405,1.0,1.0,1.0,0.0,-1,0,-1,0.0,0.0,0.0,0.0,0.0,-1.0,0.0,0.0,0.0,65537.0,0.0,-1,-1,Benign,Microsoft,147.32.85.x27,40.127.240.158,443,tcp,0,9
1,0.551094,0.0,0.0,1435,4039,2.8146341463414632,1.0,14,23,-1.0,-1.0,0.0,2048.0,1.0,457.0,0.0,0,1,-1.0,0.8089028194462405,2.0,1.0,1.0,0.0,-1,0,-1,0.0,0.0,0.0,0.0,0.0,-1.0,0.0,0.0,1.0,65537.0,0.0,-1,-1,Benign,Microsoft,147.32.85.x27,52.167.249.196,443,tcp,0,9
12,60.17878125000001,0.1120311945093316,0.25,4705,66307,14.09287991498406,0.9166666666666666,165,186,213.73454253673555,247.8200015292403,0.3333333333333333,-1.0,0.5555555555555556,-1.0,-1.0,-1,0,-1.0,-1.0,1.0,0.0,1.0,0.0,-1,0,-1,0.0,0.0,0.0,-1.0,-1.0,-1.0,-1.0,-1.0,-1.0,-1.0,0.0,-1,-1,Benign,(empty),147.32.85.x27,3.225.207.179,443,tcp,0,9
12,55.15969091666667,16.631031223402598,0.0833333333333333,4414,60071,13.609198006343451,0.8333333333333334,181,193,195.7190048456192,140.6682221988603,0.5,-1.0,0.75,-1.0,-1.0,-1,0,-1.0,-1.0,1.0,0.0,1.0,0.0,-1,0,-1,0.25,0.0,0.0,-1.0,-1.0,-1.0,-1.0,-1.0,-1.0,-1.0,0.125,-1,-1,Benign,(empty),147.32.85.x27,44.199.131.244,443,tcp,0,9
1,225.116889,0.0,0.0,1057,5752,5.441816461684011,1.0,28,34,-1.0,-1.0,0.0,-1.0,1.0,-1.0,-1.0,-1,0,-1.0,-1.0,1.0,0.0,1.0,0.0,-1,0,-1,0.0,0.0,0.0,-1.0,-1.0,-1.0,-1.0,-1.0,-1.0,-1.0,0.0,-1,-1,Benign,(empty),147.32.85.x27,216.239.32.116,443,tcp,0,9
3,48.360257,68.39172779371452,0.3333333333333333,729,13541,18.574759945130317,0.3333333333333333,30,32,1260.8668122291565,0.0,2.0,-1.0,0.0,-1.0,-1.0,-1,0,-1.0,-1.0,1.0,0.0,1.0,0.0,-1,0,-1,0.0,0.0,0.0,-1.0,-1.0,-1.0,-1.0,-1.0,-1.0,-1.0,0.0,-1,-1,Benign,Microsoft,147.32.85.x27,204.79.197.222,443,tcp,0,9
1,0.297931,0.0,0.0,2093,814,0.3889154323936932,1.0,8,20,-1.0,-1.0,0.0,-1.0,0.0,-1.0,-1.0,-1,0,-1.0,-1.0,1.0,0.0,1.0,0.0,-1,0,-1,0.0,0.0,0.0,-1.0,-1.0,-1.0,-1.0,-1.0,-1.0,-1.0,0.0,-1,-1,Benign,Microsoft,147.32.85.x27,20.82.250.189,443,tcp,0,9
8,223.890019625,198.8532671654579,0.25,10139,118401,11.67777887365618,0.875,178,176,2.084571639696757,2.866159515816571,0.3333333333333333,-1.0,0.5,-1.0,-1.0,-1,0,-1.0,-1.0,1.0,0.0,1.0,0.0,-1,0,-1,0.0,0.0,0.0,-1.0,-1.0,-1.0,-1.0,-1.0,-1.0,-1.0,0.0,-1,-1,Benign,(empty),147.32.85.x27,23.212.110.178,443,tcp,0,9
1,110.274429,0.0,0.0,1092,3488,3.1941391941391943,1.0,20,16,-1.0,-1.0,0.0,-1.0,1.0,-1.0,-1.0,-1,0,-1.0,-1.0,1.0,0.0,1.0,0.0,-1,0,-1,0.0,0.0,0.0,-1.0,-1.0,-1.0,-1.0,-1.0,-1.0,-1.0,0.0,-1,-1,Benign,(empty),147.32.85.x27,185.26.182.112,443,tcp,0,9
3,67.54336233333333,30.44683565821811,0.3333333333333333,2850,13396,4.700350877192983,0.0,32,29,2.1457672119140625e-06,0.0,0.5,-1.0,0.0,-1.0,-1.0,-1,0,-1.0,-1.0,1.0,0.0,1.0,0.0,-1,0,-1,0.0,0.0,0.0,-1.0,-1.0,-1.0,-1.0,-1.0,-1.0,-1.0,0.0,-1,-1,Benign,(empty),147.32.85.x27,185.26.182.118,443,tcp,0,9
4,5.24722725,8.762075720940398,0.25,2921,450661,154.28312221841836,1.0,65,63,0.0540993213653564,0.054079532623291,1.0,256.0,1.0,366.0,0.0,0,1,98.0,0.3281685995380349,2.0,1.0,1.0,0.0,1,0,1,0.0,0.0,0.0,0.0,0.0,0.0,1.0,1.0,0.0,0.0,0.0,-1,-1,Benign,(empty),147.32.85.x27,23.73.140.68,443,tcp,0,9
2,0.125888,0.0029569999999999,0.5,3520,10439,2.965625,1.0,12,24,-1.0,-1.0,0.0,-1.0,0.0,-1.0,-1.0,-1,0,-1.0,-1.0,1.0,0.0,1.0,0.0,-1,0,-1,0.0,0.0,0.0,-1.0,-1.0,-1.0,-1.0,-1.0,-1.0,-1.0,0.0,-1,-1,Benign,Microsoft,147.32.85.x27,20.73.130.64,443,tcp,0,9
4,0.25468025,0.1408741674817903,0.5,3758,26466,7.042575838211815,0.75,54,55,840.9625377655029,840.5254216194153,0.0,-1.0,0.0,-1.0,-1.0,-1,0,-1.0,-1.0,1.0,0.0,1.0,0.0,-1,0,-1,0.5,0.0,0.0,-1.0,-1.0,-1.0,-1.0,-1.0,-1.0,-1.0,0.0,-1,-1,Benign,Microsoft,147.32.85.x27,131.253.33.219,443,tcp,0,9
7,2.262086714285714,4.761740812808895,0.1428571428571428,8431,51064,6.056695528407069,0.8571428571428571,90,128,0.2425541877746582,0.4849712853199938,0.1666666666666666,-1.0,0.0,-1.0,-1.0,-1,0,-1.0,-1.0,1.0,0.0,1.0,0.0,-1,0,-1,0.0,0.0,0.0,-1.0,-1.0,-1.0,-1.0,-1.0,-1.0,-1.0,0.0,-1,-1,Benign,Microsoft,147.32.85.x27,20.82.209.183,443,tcp,0,9
1,1.497428,0.0,0.0,468,7491,16.006410256410255,1.0,13,15,-1.0,-1.0,0.0,256.0,1.0,365.0,0.0,0,1,2.0,0.2525652496785597,2.0,1.0,1.0,0.0,1,0,1,0.0,0.0,0.0,0.0,0.0,0.0,1.0,1.0,1.0,0.0,0.0,-1,-1,Benign,(empty),147.32.85.x27,140.82.121.3,443,tcp,0,9
1,0.653388,0.0,0.0,4906,5268,1.0737871993477377,1.0,16,20,-1.0,-1.0,0.0,-1.0,0.0,-1.0,-1.0,-1,0,-1.0,-1.0,1.0,0.0,1.0,0.0,-1,0,-1,0.0,0.0,0.0,-1.0,-1.0,-1.0,-1.0,-1.0,-1.0,-1.0,0.0,-1,-1,Benign,Microsoft,147.32.85.x27,52.168.112.67,443,tcp,0,9
1,0.847923,0.0,0.0,1136,4039,3.555457746478873,1.0,7,12,-1.0,-1.0,0.0,2048.0,0.0,457.0,0.0,0,1,-1.0,0.8089028194462405,1.0,1.0,1.0,0.0,-1,0,-1,0.0,0.0,0.0,0.0,0.0,-1.0,0.0,0.0,0.0,65537.0,0.0,-1,-1,Benign,Microsoft,147.32.85.x27,52.137.106.217,443,tcp,0,9
1,126.798774,0.0,0.0,1031,823,0.7982541222114452,0.0,12,8,-1.0,-1.0,0.0,-1.0,0.0,-1.0,-1.0,-1,0,-1.0,-1.0,1.0,0.0,1.0,0.0,-1,0,-1,0.0,0.0,0.0,-1.0,-1.0,-1.0,-1.0,-1.0,-1.0,-1.0,0.0,-1,-1,Benign,Microsoft,147.32.85.x27,13.107.6.254,443,tcp,0,9
2,0.143008,0.143002,0.5,1127,6467,5.738243123336291,0.5,7,12,-1.0,-1.0,1.0,-1.0,0.0,-1.0,-1.0,-1,0,-1.0,-1.0,1.0,0.0,1.0,0.0,-1,0,-1,0.0,0.0,0.0,-1.0,-1.0,-1.0,-1.0,-1.0,-1.0,-1.0,0.0,-1,-1,Benign,Microsoft,147.32.85.x27,20.234.93.27,443,tcp,0,9
1,0.395983,0.0,0.0,581,6225,10.714285714285714,1.0,10,14,-1.0,-1.0,0.0,-1.0,0.0,-1.0,-1.0,-1,0,-1.0,-1.0,1.0,0.0,1.0,0.0,-1,0,-1,0.0,0.0,0.0,-1.0,-1.0,-1.0,-1.0,-1.0,-1.0,-1.0,0.0,-1,-1,Benign,(empty),147.32.85.x27,65.9.95.63,443,tcp,0,9
2,25.8175975,2.0618855000000007,0.0,20040,272185,13.582085828343311,0.5,194,243,-1.0,-1.0,1.0,-1.0,1.0,-1.0,-1.0,-1,0,-1.0,-1.0,1.0,0.0,1.0,0.0,-1,0,-1,0.0,0.0,0.0,-1.0,-1.0,-1.0,-1.0,-1.0,-1.0,-1.0,0.0,-1,-1,Benign,(empty),147.32.85.x27,2.21.172.65,443,tcp,0,9
4,10.85549825,10.666631010127409,0.5,12125,242183,19.97385567010309,0.25,166,138,0.2466399669647216,0.1684420108795166,3.0,-1.0,0.0,-1.0,-1.0,-1,0,-1.0,-1.0,1.0,0.0,1.0,0.0,-1,0,-1,0.0,0.0,0.0,-1.0,-1.0,-1.0,-1.0,-1.0,-1.0,-1.0,0.0,-1,-1,Benign,Microsoft,147.32.85.x27,131.253.33.203,443,tcp,0,9
7,3.5768317142857144,7.958658007852987,0.1428571428571428,8995,44877,4.989105058365759,0.5714285714285714,53,92,0.2724483966827392,0.5446823419028303,0.4,-1.0,0.0,-1.0,-1.0,-1,0,-1.0,-1.0,1.0,0.0,1.0,0.0,-1,0,-1,0.0,0.0,0.0,-1.0,-1.0,-1.0,-1.0,-1.0,-1.0,-1.0,0.0,-1,-1,Benign,Microsoft,147.32.85.x27,20.82.210.154,443,tcp,0,9
3,9.236479333333332,11.438682194322457,0.3333333333333333,117543,35125,0.2988268123154931,1.0,78,84,0.2340559959411621,0.0,0.5,-1.0,0.0,-1.0,-1.0,-1,0,-1.0,-1.0,1.0,0.0,1.0,0.0,-1,0,-1,0.0,0.0,0.0,-1.0,-1.0,-1.0,-1.0,-1.0,-1.0,-1.0,0.0,-1,-1,Benign,Microsoft,147.32.85.x27,52.168.112.66,443,tcp,0,9
3,0.1105276666666666,0.0782246363252794,0.3333333333333333,2396,127761,53.32262103505843,0.6666666666666666,18,27,0.2136228084564209,0.0,2.0,-1.0,1.0,-1.0,-1.0,-1,0,-1.0,-1.0,1.0,0.0,1.0,0.0,-1,0,-1,0.0,0.0,0.0,-1.0,-1.0,-1.0,-1.0,-1.0,-1.0,-1.0,0.0,-1,-1,Benign,(empty),147.32.85.x27,65.9.95.11,443,tcp,0,9
5,60.017786,0.1780653923343892,0.4,1508,12641,8.38262599469496,0.8,60,63,302.9025870164235,230.60402947762356,4.0,-1.0,1.0,-1.0,-1.0,-1,0,-1.0,-1.0,1.0,0.0,1.0,0.0,-1,0,-1,0.0,0.0,0.0,-1.0,-1.0,-1.0,-1.0,-1.0,-1.0,-1.0,0.0,-1,-1,Benign,(empty),147.32.85.x27,34.199.61.195,443,tcp,0,10
4,45.27112825,25.8780606209341,0.25,1661,18341,11.0421432871764,1.0,53,67,215.0282280445099,212.05106687545776,0.3333333333333333,-1.0,0.6666666666666666,-1.0,-1.0,-1,0,-1.0,-1.0,1.0,0.0,1.0,0.0,-1,0,-1,0.0,0.0,0.0,-1.0,-1.0,-1.0,-1.0,-1.0,-1.0,-1.0,0.0,-1,-1,Benign,(empty),147.32.85.x27,3.225.207.179,443,tcp,0,10
6,50.18020133333334,22.44086259014241,0.1666666666666666,2076,30008,14.454720616570327,1.0,85,98,170.5215464234352,94.44173469521525,0.5,-1.0,0.75,-1.0,-1.0,-1,0,-1.0,-1.0,1.0,0.0,1.0,0.0,-1,0,-1,0.0,0.0,0.0,-1.0,-1.0,-1.0,-1.0,-1.0,-1.0,-1.0,0.0,-1,-1,Benign,(empty),147.32.85.x27,34.225.234.66,443,tcp,0,10
1,0.752391,0.0,0.0,5773,5675,0.9830244240429586,1.0,20,26,-1.0,-1.0,0.0,-1.0,0.0,-1.0,-1.0,-1,0,-1.0,-1.0,1.0,0.0,1.0,0.0,-1,0,-1,0.0,0.0,0.0,-1.0,-1.0,-1.0,-1.0,-1.0,-1.0,-1.0,0.0,-1,-1,Benign,Microsoft,147.32.85.x27,52.168.112.66,443,tcp,0,10
1,0.810196,0.0,0.0,2085,4212,2.0201438848920863,1.0,18,26,-1.0,-1.0,0.0,-1.0,0.0,-1.0,-1.0,-1,0,-1.0,-1.0,1.0,0.0,1.0,0.0,-1,0,-1,0.0,0.0,0.0,-1.0,-1.0,-1.0,-1.0,-1.0,-1.0,-1.0,0.0,-1,-1,Benign,Microsoft,147.32.85.x27,52.185.211.133,443,tcp,0,10
2,0.7167129999999999,0.0058269999999999,0.0,2415,8096,3.3523809523809525,1.0,15,37,-1.0,-1.0,1.0,-1.0,0.0,-1.0,-1.0,-1,0,-1.0,-1.0,1.0,0.0,1.0,0.0,-1,0,-1,0.0,0.0,0.0,-1.0,-1.0,-1.0,-1.0,-1.0,-1.0,-1.0,0.0,-1,-1,Benign,Microsoft,147.32.85.x27,52.140.118.28,443,tcp,0,10
1,1.512609,0.0,0.0,17344,7305,0.4211831180811808,1.0,29,36,-1.0,-1.0,0.0,-1.0,0.0,-1.0,-1.0,-1,0,-1.0,-1.0,1.0,0.0,1.0,0.0,-1,0,-1,0.0,0.0,0.0,-1.0,-1.0,-1.0,-1.0,-1.0,-1.0,-1.0,0.0,-1,-1,Benign,Microsoft,147.32.85.x27,13.89.178.27,443,tcp,0,10
4,60.20981175,0.0360622476585606,0.25,1660,23946,14.425301204819275,1.0,58,62,618.9512671232224,10.250646948814392,1.0,-1.0,1.0,-1.0,-1.0,-1,0,-1.0,-1.0,1.0,0.0,1.0,0.0,-1,0,-1,0.0,0.0,0.0,-1.0,-1.0,-1.0,-1.0,-1.0,-1.0,-1.0,0.0,-1,-1,Benign,(empty),147.32.85.x27,44.199.131.244,443,tcp,0,10
1,240.082672,0.0,0.0,1057,5438,5.144749290444655,1.0,32,34,-1.0,-1.0,0.0,-1.0,1.0,-1.0,-1.0,-1,0,-1.0,-1.0,1.0,0.0,1.0,0.0,-1,0,-1,0.0,0.0,0.0,-1.0,-1.0,-1.0,-1.0,-1.0,-1.0,-1.0,0.0,-1,-1,Benign,(empty),147.32.85.x27,142.251.36.67,443,tcp,0,10
1,14.186592,0.0,0.0,1867,7956,4.261381896089984,1.0,27,22,-1.0,-1.0,0.0,-1.0,0.0,-1.0,-1.0,-1,0,-1.0,-1.0,1.0,0.0,1.0,0.0,-1,0,-1,0.0,0.0,0.0,-1.0,-1.0,-1.0,-1.0,-1.0,-1.0,-1.0,0.0,-1,-1,Benign,Microsoft,147.32.85.x27,131.253.33.203,443,tcp,0,10
2,19.7019805,3.848804500000001,0.5,19073,267421,14.02091962460022,1.0,192,213,-1.0,-1.0,0.0,-1.0,1.0,-1.0,-1.0,-1,0,-1.0,-1.0,1.0,0.0,1.0,0.0,-1,0,-1,0.0,0.0,0.0,-1.0,-1.0,-1.0,-1.0,-1.0,-1.0,-1.0,0.0,-1,-1,Benign,(empty),147.32.85.x27,2.21.172.25,443,tcp,0,10
3,9.879743,13.438383172089738,0.3333333333333333,10047,235276,23.417537573405,1.0,116,103,0.2884800434112549,0.0,0.0,-1.0,0.0,-1.0,-1.0,-1,0,-1.0,-1.0,1.0,0.0,1.0,0.0,-1,0,-1,0.6666666666666666,0.0,0.0,-1.0,-1.0,-1.0,-1.0,-1.0,-1.0,-1.0,0.0,-1,-1,Benign,Microsoft,147.32.85.x27,13.107.40.203,443,tcp,0,10
1,0.240749,0.0,0.0,610,6467,10.601639344262296,1.0,8,12,-1.0,-1.0,0.0,-1.0,0.0,-1.0,-1.0,-1,0,-1.0,-1.0,1.0,0.0,1.0,0.0,-1,0,-1,0.0,0.0,0.0,-1.0,-1.0,-1.0,-1.0,-1.0,-1.0,-1.0,0.0,-1,-1,Benign,Microsoft,147.32.85.x27,20.234.93.27,443,tcp,0,10
1,0.315637,0.0,0.0,581,6225,10.714285714285714,1.0,16,14,-1.0,-1.0,0.0,-1.0,1.0,-1.0,-1.0,-1,0,-1.0,-1.0,1.0,0.0,1.0,0.0,-1,0,-1,0.0,0.0,0.0,-1.0,-1.0,-1.0,-1.0,-1.0,-1.0,-1.0,0.0,-1,-1,Benign,(empty),147.32.85.x27,65.9.95.94,443,tcp,0,10
3,10.893295,10.634916633021342,0.3333333333333333,120600,36065,0.2990464344941957,0.6666666666666666,98,92,0.0885250568389892,0.0,0.5,-1.0,0.0,-1.0,-1.0,-1,0,-1.0,-1.0,1.0,0.0,1.0,0.0,-1,0,-1,0.0,0.0,0.0,-1.0,-1.0,-1.0,-1.0,-1.0,-1.0,-1.0,0.0,-1,-1,Benign,Microsoft,147.32.85.x27,20.189.173.4,443,tcp,0,10
2,0.1731265,0.0042335,0.0,1350,12670,9.385185185185184,1.0,22,22,-1.0,-1.0,0.0,-1.0,0.0,-1.0,-1.0,-1,0,-1.0,-1.0,1.0,0.0,1.0,0.0,-1,0,-1,0.0,0.0,0.0,-1.0,-1.0,-1.0,-1.0,-1.0,-1.0,-1.0,0.0,-1,-1,Benign,Microsoft,147.32.85.x27,204.79.197.219,443,tcp,0,10
7,2.7855402857142857,6.157780335621031,0.1428571428571428,8996,38837,4.317140951534015,0.2857142857142857,81,101,0.2675376892089843,0.5078236704304443,1.3333333333333333,-1.0,0.0,-1.0,-1.0,-1,0,-1.0,-1.0,1.0,0.0,1.0,0.0,-1,0,-1,0.0,0.0,0.0,-1.0,-1.0,-1.0,-1.0,-1.0,-1.0,-1.0,0.0,-1,-1,Benign,Microsoft,147.32.85.x27,20.82.210.154,443,tcp,0,10
3,60.15306266666666,0.0642104026687968,0.3333333333333333,830,12105,14.58433734939759,0.6666666666666666,30,32,240.7640082836151,0.0,2.0,-1.0,0.0,-1.0,-1.0,-1,0,-1.0,-1.0,1.0,0.0,1.0,0.0,-1,0,-1,0.0,0.0,0.0,-1.0,-1.0,-1.0,-1.0,-1.0,-1.0,-1.0,0.0,-1,-1,Benign,(empty),147.32.85.x27,54.204.55.130,443,tcp,0,10
2,0.1727205,0.0046454999999999,0.0,4929,15805,3.2065327652667883,1.0,19,44,-1.0,-1.0,0.0,-1.0,0.0,-1.0,-1.0,-1,0,-1.0,-1.0,1.0,0.0,1.0,0.0,-1,0,-1,0.0,0.0,0.0,-1.0,-1.0,-1.0,-1.0,-1.0,-1.0,-1.0,0.0,-1,-1,Benign,Microsoft,147.32.85.x27,20.67.219.150,443,tcp,0,10
1,1.183533,0.0,0.0,6260,5322,0.8501597444089457,1.0,2,11,-1.0,-1.0,0.0,-1.0,0.0,-1.0,-1.0,-1,0,-1.0,-1.0,1.0,0.0,1.0,0.0,-1,0,-1,0.0,0.0,0.0,-1.0,-1.0,-1.0,-1.0,-1.0,-1.0,-1.0,0.0,-1,-1,Benign,Microsoft,147.32.85.x27,20.189.173.22,443,tcp,0,10
2,162.8335865,12.632226500000002,0.0,5019,45523,9.070133492727637,0.5,37,51,-1.0,-1.0,1.0,-1.0,0.0,-1.0,-1.0,-1,0,-1.0,-1.0,1.0,0.0,1.0,0.0,-1,0,-1,0.0,0.0,0.0,-1.0,-1.0,-1.0,-1.0,-1.0,-1.0,-1.0,0.0,-1,-1,Benign,(empty),147.32.85.x27,95.163.144.217,443,tcp,0,10
6,190.11262166666668,21.73600971990644,0.3333333333333333,21822,375122,17.190083402071306,1.0,163,201,0.1744560003280639,0.3020773215923604,0.0,-1.0,0.3333333333333333,-1.0,-1.0,-1,0,-1.0,-1.0,1.0,0.0,1.0,0.0,-1,0,-1,0.0,0.0,0.0,-1.0,-1.0,-1.0,-1.0,-1.0,-1.0,-1.0,0.0,-1,-1,Benign,(empty),147.32.85.x27,95.163.144.218,443,tcp,0,10
2,120.1582785,120.0140525,0.5,1941,11581,5.9665121071612575,1.0,32,35,-1.0,-1.0,1.0,-1.0,0.0,-1.0,-1.0,-1,0,-1.0,-1.0,1.0,0.0,1.0,0.0,-1,0,-1,0.0,0.0,0.0,-1.0,-1.0,-1.0,-1.0,-1.0,-1.0,-1.0,0.0,-1,-1,Benign,(empty),147.32.85.x27,142.251.36.66,443,tcp,0,10
9,34.825280444444445,32.43438479593437,0.2222222222222222,39280,27719,0.7056771894093686,0.5555555555555556,94,121,74.71852483068194,83.03199120251591,0.8,256.0,0.6,396.0,0.0,0,1,2.0,0.3135339669524295,1.2,0.2,1.0,0.0,1,0,1,0.0,0.0,0.0,0.0,0.0,0.0,1.0,1.0,0.0,0.0,0.0,-1,-1,Benign,(empty),147.32.85.x27,37.252.173.215,443,tcp,0,10
6,25.3886955,25.18636729458639,0.3333333333333333,15997,19670,1.22960555104082,0.8333333333333334,74,90,13.531822204589844,8.783614211565068,0.5,-1.0,1.0,-1.0,-1.0,-1,0,-1.0,-1.0,1.0,0.0,1.0,0.0,-1,0,-1,0.0,0.0,0.0,-1.0,-1.0,-1.0,-1.0,-1.0,-1.0,-1.0,0.0,-1,-1,Benign,(empty),147.32.85.x27,216.52.2.39,443,tcp,0,10
5,2.0535964,0.827820594603589,0.4,12852,18896,1.4702769996887644,1.0,60,80,15.263813972473145,8.7901631666721,0.25,-1.0,0.75,-1.0,-1.0,-1,0,-1.0,-1.0,1.0,0.0,1.0,0.0,-1,0,-1,0.0,0.0,0.0,-1.0,-1.0,-1.0,-1.0,-1.0,-1.0,-1.0,0.0,-1,-1,Benign,(empty),147.32.85.x27,87.230.98.74,443,tcp,0,10
2,220.277895,5.486426999999992,0.0,3201,11315,3.534832864729772,1.0,61,64,-1.0,-1.0,0.0,-1.0,1.0,-1.0,-1.0,-1,0,-1.0,-1.0,1.0,0.0,1.0,0.0,-1,0,-1,0.0,0.0,0.0,-1.0,-1.0,-1.0,-1.0,-1.0,-1.0,-1.0,0.0,-1,-1,Benign,(empty),147.32.85.x27,204.68.111.105,443,tcp,0,10
1,201.894011,0.0,0.0,1415,4214,2.9780918727915195,1.0,18,24,-1.0,-1.0,0.0,-1.0,1.0,-1.0,-1.0,-1,0,-1.0,-1.0,1.0,0.0,1.0,0.0,-1,0,-1,0.0,0.0,0.0,-1.0,-1.0,-1.0,-1.0,-1.0,-1.0,-1.0,0.0,-1,-1,Benign,(empty),147.32.85.x27,185.29.134.248,443,tcp,0,10
1,90.29762,0.0,0.0,1297,8109,6.252120277563608,1.0,22,20,-1.0,-1.0,0.0,-1.0,1.0,-1.0,-1.0,-1,0,-1.0,-1.0,1.0,0.0,1.0,0.0,-1,0,-1,0.0,0.0,0.0,-1.0,-1.0,-1.0,-1.0,-1.0,-1.0,-1.0,0.0,-1,-1,Benign,(empty),147.32.85.x27,212.82.100.182,443,tcp,0,10
1,150.551648,0.0,0.0,2856,7337,2.5689775910364148,1.0,24,26,-1.0,-1.0,0.0,-1.0,1.0,-1.0,-1.0,-1,0,-1.0,-1.0,1.0,0.0,1.0,0.0,-1,0,-1,0.0,0.0,0.0,-1.0,-1.0,-1.0,-1.0,-1.0,-1.0,-1.0,0.0,-1,-1,Benign,(empty),147.32.85.x27,52.214.225.206,443,tcp,0,10
1,427.58755,0.0,0.0,1982,5833,2.9429868819374367,1.0,42,39,-1.0,-1.0,0.0,-1.0,1.0,-1.0,-1.0,-1,0,-1.0,-1.0,1.0,0.0,1.0,0.0,-1,0,-1,0.0,0.0,0.0,-1.0,-1.0,-1.0,-1.0,-1.0,-1.0,-1.0,0.0,-1,-1,Benign,(empty),147.32.85.x27,151.101.2.49,443,tcp,0,10
2,30.139389,30.024764,0.0,3023,14371,4.753886867350314,1.0,32,38,-1.0,-1.0,1.0,-1.0,0.0,-1.0,-1.0,-1,0,-1.0,-1.0,1.0,0.0,1.0,0.0,-1,0,-1,0.0,0.0,0.0,-1.0,-1.0,-1.0,-1.0,-1.0,-1.0,-1.0,0.0,-1,-1,Benign,(empty),147.32.85.x27,72.251.249.13,443,tcp,0,10
1,110.151481,0.0,0.0,1437,5819,4.049408489909534,1.0,16,18,-1.0,-1.0,0.0,-1.0,1.0,-1.0,-1.0,-1,0,-1.0,-1.0,1.0,0.0,1.0,0.0,-1,0,-1,0.0,0.0,0.0,-1.0,-1.0,-1.0,-1.0,-1.0,-1.0,-1.0,0.0,-1,-1,Benign,(empty),147.32.85.x27,3.124.200.227,443,tcp,0,10
1,5.549408,0.0,0.0,1767,29527,16.710243350311263,1.0,19,14,-1.0,-1.0,0.0,-1.0,1.0,-1.0,-1.0,-1,0,-1.0,-1.0,1.0,0.0,1.0,0.0,-1,0,-1,0.0,0.0,0.0,-1.0,-1.0,-1.0,-1.0,-1.0,-1.0,-1.0,0.0,-1,-1,Benign,(empty),147.32.85.x27,37.203.33.33,443,tcp,0,10
2,312.692028,115.001389,0.0,4917,9585,1.949359365466748,1.0,50,53,-1.0,-1.0,1.0,2048.0,1.0,392.0,0.0,0,1,2.0,0.2531398812428229,2.0,1.0,1.0,0.0,1,0,1,0.0,0.0,0.0,0.0,0.0,0.0,0.0,0.0,0.0,65537.0,0.0,-1,-1,Benign,(empty),147.32.85.x27,69.173.144.139,443,tcp,0,10
1,0.428913,0.0,0.0,1747,651874,373.13909559244416,1.0,41,37,-1.0,-1.0,0.0,-1.0,1.0,-1.0,-1.0,-1,0,-1.0,-1.0,1.0,0.0,1.0,0.0,-1,0,-1,0.0,0.0,0.0,-1.0,-1.0,-1.0,-1.0,-1.0,-1.0,-1.0,0.0,-1,-1,Benign,(empty),147.32.85.x27,185.34.27.55,443,tcp,0,10
1,124.57324,0.0,0.0,1031,7504,7.278370514064015,1.0,32,26,-1.0,-1.0,0.0,-1.0,0.0,-1.0,-1.0,-1,0,-1.0,-1.0,1.0,0.0,1.0,0.0,-1,0,-1,0.0,0.0,0.0,-1.0,-1.0,-1.0,-1.0,-1.0,-1.0,-1.0,0.0,-1,-1,Benign,Microsoft,147.32.85.x27,13.107.3.254,443,tcp,0,10
1,1.095144,0.0,0.0,972,7022,7.224279835390947,1.0,7,18,-1.0,-1.0,0.0,-1.0,0.0,-1.0,-1.0,-1,0,-1.0,-1.0,1.0,0.0,1.0,0.0,-1,0,-1,0.0,0.0,0.0,-1.0,-1.0,-1.0,-1.0,-1.0,-1.0,-1.0,0.0,-1,-1,Benign,Microsoft,147.32.85.x27,51.104.136.2,443,tcp,0,10
1,225.176613,0.0,0.0,1152,40433,35.09809027777778,1.0,37,38,-1.0,-1.0,0.0,-1.0,1.0,-1.0,-1.0,-1,0,-1.0,-1.0,1.0,0.0,1.0,0.0,-1,0,-1,0.0,0.0,0.0,-1.0,-1.0,-1.0,-1.0,-1.0,-1.0,-1.0,0.0,-1,-1,Benign,(empty),147.32.85.x27,65.9.95.127,443,tcp,0,10
1,223.859665,0.0,0.0,2270,30202,13.304845814977972,1.0,66,67,-1.0,-1.0,0.0,-1.0,1.0,-1.0,-1.0,-1,0,-1.0,-1.0,1.0,0.0,1.0,0.0,-1,0,-1,0.0,0.0,0.0,-1.0,-1.0,-1.0,-1.0,-1.0,-1.0,-1.0,0.0,-1,-1,Benign,(empty),147.32.85.x27,52.215.192.132,443,tcp,0,10
1,32.828918,0.0,0.0,1376,36483,26.513808139534884,1.0,16,24,-1.0,-1.0,0.0,-1.0,1.0,-1.0,-1.0,-1,0,-1.0,-1.0,1.0,0.0,1.0,0.0,-1,0,-1,0.0,0.0,0.0,-1.0,-1.0,-1.0,-1.0,-1.0,-1.0,-1.0,0.0,-1,-1,Benign,(empty),147.32.85.x27,37.157.5.72,443,tcp,0,10
1,16.72308,0.0,0.0,33332,208389,6.2519200768030725,1.0,176,158,-1.0,-1.0,0.0,-1.0,0.0,-1.0,-1.0,-1,0,-1.0,-1.0,1.0,0.0,1.0,0.0,-1,0,-1,0.0,0.0,0.0,-1.0,-1.0,-1.0,-1.0,-1.0,-1.0,-1.0,0.0,-1,-1,Benign,(empty),147.32.85.x27,185.66.189.49,443,tcp,0,10
2,189.69311,9.444299,0.0,7451,65646,8.810361025365722,1.0,64,84,-1.0,-1.0,0.0,-1.0,0.5,-1.0,-1.0,-1,0,-1.0,-1.0,1.0,0.0,1.0,0.0,-1,0,-1,0.0,0.0,0.0,-1.0,-1.0,-1.0,-1.0,-1.0,-1.0,-1.0,0.0,-1,-1,Benign,(empty),147.32.85.x27,77.75.78.101,443,tcp,0,10
2,18.967379,2.7583040000000008,0.0,7278,10595,1.455757076119813,1.0,40,48,-1.0,-1.0,0.0,-1.0,0.5,-1.0,-1.0,-1,0,-1.0,-1.0,1.0,0.0,1.0,0.0,-1,0,-1,0.0,0.0,0.0,-1.0,-1.0,-1.0,-1.0,-1.0,-1.0,-1.0,0.0,-1,-1,Benign,(empty),147.32.85.x27,37.252.172.37,443,tcp,0,10
1,1.128177,0.0,0.0,1760,16250,9.232954545454543,1.0,36,30,-1.0,-1.0,0.0,2048.0,1.0,364.0,0.0,0,1,2.0,0.3602084297744625,2.0,1.0,1.0,0.0,1,0,1,0.0,0.0,0.0,0.0,0.0,0.0,0.0,0.0,0.0,65537.0,0.0,-1,-1,Benign,(empty),147.32.85.x27,23.47.208.212,443,tcp,0,10
1,100.464044,0.0,0.0,1362,6848,5.027900146842878,1.0,20,28,-1.0,-1.0,0.0,-1.0,1.0,-1.0,-1.0,-1,0,-1.0,-1.0,1.0,0.0,1.0,0.0,-1,0,-1,0.0,0.0,0.0,-1.0,-1.0,-1.0,-1.0,-1.0,-1.0,-1.0,0.0,-1,-1,Benign,(empty),147.32.85.x27,146.59.30.104,443,tcp,0,10
1,90.137504,0.0,0.0,1291,6793,5.261812548412084,1.0,16,18,-1.0,-1.0,0.0,-1.0,1.0,-1.0,-1.0,-1,0,-1.0,-1.0,1.0,0.0,1.0,0.0,-1,0,-1,0.0,0.0,0.0,-1.0,-1.0,-1.0,-1.0,-1.0,-1.0,-1.0,0.0,-1,-1,Benign,(empty),147.32.85.x27,185.17.117.38,443,tcp,0,10
1,36.669395,0.0,0.0,4457,13783,3.092438860219879,1.0,48,58,-1.0,-1.0,0.0,-1.0,1.0,-1.0,-1.0,-1,0,-1.0,-1.0,1.0,0.0,1.0,0.0,-1,0,-1,0.0,0.0,0.0,-1.0,-1.0,-1.0,-1.0,-1.0,-1.0,-1.0,0.0,-1,-1,Benign,(empty),147.32.85.x27,37.157.6.246,443,tcp,0,10
2,141.905904,55.753725,0.0,3006,8495,2.826014637391883,1.0,29,34,-1.0,-1.0,1.0,-1.0,1.0,-1.0,-1.0,-1,0,-1.0,-1.0,1.0,0.0,1.0,0.0,-1,0,-1,0.0,0.0,0.0,-1.0,-1.0,-1.0,-1.0,-1.0,-1.0,-1.0,0.0,-1,-1,Benign,(empty),147.32.85.x27,185.29.132.241,443,tcp,0,10
2,5.871179,4.999939,0.5,3191,6696,2.098401754935757,1.0,32,39,-1.0,-1.0,0.0,-1.0,1.0,-1.0,-1.0,-1,0,-1.0,-1.0,1.0,0.0,1.0,0.0,-1,0,-1,0.0,0.0,0.0,-1.0,-1.0,-1.0,-1.0,-1.0,-1.0,-1.0,0.0,-1,-1,Benign,(empty),147.32.85.x27,178.250.0.163,443,tcp,0,10
1,50.696675,0.0,0.0,1291,4982,3.8590240123934936,1.0,24,30,-1.0,-1.0,0.0,-1.0,0.0,-1.0,-1.0,-1,0,-1.0,-1.0,1.0,0.0,1.0,0.0,-1,0,-1,0.0,0.0,0.0,-1.0,-1.0,-1.0,-1.0,-1.0,-1.0,-1.0,0.0,-1,-1,Benign,(empty),147.32.85.x27,213.155.156.168,443,tcp,0,10
1,21.262745,0.0,0.0,2105,4464,2.120665083135392,1.0,10,18,-1.0,-1.0,0.0,2048.0,1.0,396.0,0.0,0,1,2.0,0.0357580772059599,2.0,1.0,1.0,0.0,1,0,1,0.0,0.0,0.0,0.0,0.0,0.0,1.0,1.0,0.0,65537.0,0.0,-1,-1,Benign,(empty),147.32.85.x27,85.114.159.93,443,tcp,0,10
1,15.365933,0.0,0.0,1603,6122,3.819089207735496,1.0,9,14,-1.0,-1.0,0.0,-1.0,0.0,-1.0,-1.0,-1,0,-1.0,-1.0,1.0,0.0,1.0,0.0,-1,0,-1,0.0,0.0,0.0,-1.0,-1.0,-1.0,-1.0,-1.0,-1.0,-1.0,0.0,-1,-1,Benign,(empty),147.32.85.x27,44.196.137.234,443,tcp,0,10
1,15.26244,0.0,0.0,2329,6385,2.7415199656504936,1.0,12,16,-1.0,-1.0,0.0,-1.0,1.0,-1.0,-1.0,-1,0,-1.0,-1.0,1.0,0.0,1.0,0.0,-1,0,-1,0.0,0.0,0.0,-1.0,-1.0,-1.0,-1.0,-1.0,-1.0,-1.0,0.0,-1,-1,Benign,(empty),147.32.85.x27,54.220.105.73,443,tcp,0,10
1,15.235302,0.0,0.0,1405,6393,4.5501779359430605,1.0,3,10,-1.0,-1.0,0.0,-1.0,0.0,-1.0,-1.0,-1,0,-1.0,-1.0,1.0,0.0,1.0,0.0,-1,0,-1,0.0,0.0,0.0,-1.0,-1.0,-1.0,-1.0,-1.0,-1.0,-1.0,0.0,-1,-1,Benign,(empty),147.32.85.x27,173.231.180.197,443,tcp,0,10
1,34.251157,0.0,0.0,1503,5579,3.711909514304724,1.0,17,18,-1.0,-1.0,0.0,-1.0,0.0,-1.0,-1.0,-1,0,-1.0,-1.0,1.0,0.0,1.0,0.0,-1,0,-1,0.0,0.0,0.0,-1.0,-1.0,-1.0,-1.0,-1.0,-1.0,-1.0,0.0,-1,-1,Benign,(empty),147.32.85.x27,18.156.0.31,443,tcp,0,10
1,181.180287,0.0,0.0,1364,4632,3.3958944281524928,1.0,15,16,-1.0,-1.0,0.0,-1.0,1.0,-1.0,-1.0,-1,0,-1.0,-1.0,1.0,0.0,1.0,0.0,-1,0,-1,0.0,0.0,0.0,-1.0,-1.0,-1.0,-1.0,-1.0,-1.0,-1.0,0.0,-1,-1,Benign,(empty),147.32.85.x27,159.122.14.34,443,tcp,0,10
1,5.004016,0.0,0.0,1274,6407,5.029042386185243,1.0,10,12,-1.0,-1.0,0.0,-1.0,0.0,-1.0,-1.0,-1,0,-1.0,-1.0,1.0,0.0,1.0,0.0,-1,0,-1,0.0,0.0,0.0,-1.0,-1.0,-1.0,-1.0,-1.0,-1.0,-1.0,0.0,-1,-1,Benign,(empty),147.32.85.x27,51.79.83.225,443,tcp,0,10
3,66.06055666666667,92.83762640535586,0.3333333333333333,4160,13324,3.2028846153846158,1.0,38,41,0.1607177257537841,0.0,2.0,-1.0,0.0,-1.0,-1.0,-1,0,-1.0,-1.0,1.0,0.0,1.0,0.0,-1,0,-1,0.0,0.0,0.0,-1.0,-1.0,-1.0,-1.0,-1.0,-1.0,-1.0,0.0,-1,-1,Benign,(empty),147.32.85.x27,185.64.190.80,443,tcp,0,10
1,144.778574,0.0,0.0,3581,6840,1.910080982965652,1.0,26,34,-1.0,-1.0,0.0,2048.0,1.0,394.0,0.0,0,1,2.0,0.1810576241961924,3.0,1.0,1.0,0.0,1,0,1,0.0,0.0,0.0,0.0,0.0,0.0,1.0,1.0,0.0,65537.0,0.0,-1,-1,Benign,(empty),147.32.85.x27,35.211.178.172,443,tcp,0,10
2,98.883928,98.428345,0.5,2468,9566,3.876012965964344,1.0,50,54,-1.0,-1.0,1.0,-1.0,0.0,-1.0,-1.0,-1,0,-1.0,-1.0,1.0,0.0,1.0,0.0,-1,0,-1,0.0,0.0,0.0,-1.0,-1.0,-1.0,-1.0,-1.0,-1.0,-1.0,0.0,-1,-1,Benign,(empty),147.32.85.x27,185.64.189.110,443,tcp,0,10
1,180.246052,0.0,0.0,1404,4753,3.385327635327635,1.0,28,26,-1.0,-1.0,0.0,-1.0,1.0,-1.0,-1.0,-1,0,-1.0,-1.0,1.0,0.0,1.0,0.0,-1,0,-1,0.0,0.0,0.0,-1.0,-1.0,-1.0,-1.0,-1.0,-1.0,-1.0,0.0,-1,-1,Benign,(empty),147.32.85.x27,185.64.190.81,443,tcp,0,10
1,194.483776,0.0,0.0,1172,54121,46.1783276450512,1.0,36,40,-1.0,-1.0,0.0,-1.0,1.0,-1.0,-1.0,-1,0,-1.0,-1.0,1.0,0.0,1.0,0.0,-1,0,-1,0.0,0.0,0.0,-1.0,-1.0,-1.0,-1.0,-1.0,-1.0,-1.0,0.0,-1,-1,Benign,(empty),147.32.85.x27,77.75.79.89,443,tcp,0,10
1,104.487466,0.0,0.0,1832,7318,3.994541484716157,1.0,32,32,-1.0,-1.0,0.0,-1.0,0.0,-1.0,-1.0,-1,0,-1.0,-1.0,1.0,0.0,1.0,0.0,-1,0,-1,0.0,0.0,0.0,-1.0,-1.0,-1.0,-1.0,-1.0,-1.0,-1.0,0.0,-1,-1,Benign,(empty),147.32.85.x27,52.57.13.85,443,tcp,0,10
1,104.377287,0.0,0.0,1418,6201,4.373060648801128,1.0,20,24,-1.0,-1.0,0.0,-1.0,1.0,-1.0,-1.0,-1,0,-1.0,-1.0,1.0,0.0,1.0,0.0,-1,0,-1,0.0,0.0,0.0,-1.0,-1.0,-1.0,-1.0,-1.0,-1.0,-1.0,0.0,-1,-1,Benign,(empty),147.32.85.x27,52.28.55.96,443,tcp,0,10
2,113.2142885,22.6061595,0.5,4644,6640,1.429801894918174,0.5,40,31,-1.0,-1.0,0.0,2048.0,0.5,366.0,0.0,0,1,33.0,0.5053864812948289,1.5,0.5,1.0,0.0,1,0,1,1.0,0.0,0.0,0.0,0.0,0.0,1.0,1.0,0.0,65537.0,0.0,-1,-1,Benign,(empty),147.32.85.x27,23.47.209.6,443,tcp,0,10
1,10.047621,0.0,0.0,5434,10733,1.9751564225248437,0.0,12,22,-1.0,-1.0,0.0,-1.0,0.0,-1.0,-1.0,-1,0,-1.0,-1.0,1.0,0.0,1.0,0.0,-1,0,-1,0.0,0.0,0.0,-1.0,-1.0,-1.0,-1.0,-1.0,-1.0,-1.0,0.0,-1,-1,Benign,(empty),147.32.85.x27,141.95.98.65,443,tcp,0,10
2,16.1728035,5.5390145,0.0,3242,5932,1.8297347316471315,1.0,23,30,-1.0,-1.0,0.0,-1.0,1.0,-1.0,-1.0,-1,0,-1.0,-1.0,1.0,0.0,1.0,0.0,-1,0,-1,0.0,0.0,0.0,-1.0,-1.0,-1.0,-1.0,-1.0,-1.0,-1.0,0.0,-1,-1,Benign,(empty),147.32.85.x27,185.86.139.115,443,tcp,0,10
1,81.01855,0.0,0.0,1414,6204,4.387553041018387,1.0,16,24,-1.0,-1.0,0.0,-1.0,1.0,-1.0,-1.0,-1,0,-1.0,-1.0,1.0,0.0,1.0,0.0,-1,0,-1,0.0,0.0,0.0,-1.0,-1.0,-1.0,-1.0,-1.0,-1.0,-1.0,0.0,-1,-1,Benign,(empty),147.32.85.x27,54.93.146.241,443,tcp,0,10
1,60.822903,0.0,0.0,1985,6525,3.287153652392947,1.0,16,22,-1.0,-1.0,0.0,-1.0,0.0,-1.0,-1.0,-1,0,-1.0,-1.0,1.0,0.0,1.0,0.0,-1,0,-1,0.0,0.0,0.0,-1.0,-1.0,-1.0,-1.0,-1.0,-1.0,-1.0,0.0,-1,-1,Benign,(empty),147.32.85.x27,3.64.111.163,443,tcp,0,10
2,60.6705745,60.1710065,0.0,1753,5999,3.422133485453508,1.0,31,34,-1.0,-1.0,0.0,-1.0,0.5,-1.0,-1.0,-1,0,-1.0,-1.0,1.0,0.0,1.0,0.0,-1,0,-1,0.0,0.0,0.0,-1.0,-1.0,-1.0,-1.0,-1.0,-1.0,-1.0,0.0,-1,-1,Benign,(empty),147.32.85.x27,18.195.155.181,443,tcp,0,10
1,30.815808,0.0,0.0,1319,5715,4.332827899924185,1.0,20,23,-1.0,-1.0,0.0,-1.0,0.0,-1.0,-1.0,-1,0,-1.0,-1.0,1.0,0.0,1.0,0.0,-1,0,-1,0.0,0.0,0.0,-1.0,-1.0,-1.0,-1.0,-1.0,-1.0,-1.0,0.0,-1,-1,Benign,(empty),147.32.85.x27,37.157.4.23,443,tcp,0,10
1,30.730071,0.0,0.0,1243,5098,4.101367658889783,1.0,21,26,-1.0,-1.0,0.0,-1.0,1.0,-1.0,-1.0,-1,0,-1.0,-1.0,1.0,0.0,1.0,0.0,-1,0,-1,0.0,0.0,0.0,-1.0,-1.0,-1.0,-1.0,-1.0,-1.0,-1.0,0.0,-1,-1,Benign,(empty),147.32.85.x27,37.157.4.25,443,tcp,0,10
2,241.7263925,222.0314825,0.0,2771,2416,0.871887405268856,0.0,41,40,-1.0,-1.0,1.0,-1.0,0.0,-1.0,-1.0,-1,0,-1.0,-1.0,1.0,0.0,1.0,0.0,-1,0,-1,0.0,0.0,0.0,-1.0,-1.0,-1.0,-1.0,-1.0,-1.0,-1.0,0.0,-1,-1,Benign,(empty),147.32.85.x27,104.64.127.92,443,tcp,0,10
1,60.298285,0.0,0.0,2821,7995,2.834101382488479,1.0,20,32,-1.0,-1.0,0.0,-1.0,1.0,-1.0,-1.0,-1,0,-1.0,-1.0,1.0,0.0,1.0,0.0,-1,0,-1,0.0,0.0,0.0,-1.0,-1.0,-1.0,-1.0,-1.0,-1.0,-1.0,0.0,-1,-1,Benign,(empty),147.32.85.x27,52.48.92.112,443,tcp,0,10
1,0.5312,0.0,0.0,1337,4453,3.3305908750934927,1.0,4,12,-1.0,-1.0,0.0,-1.0,0.0,-1.0,-1.0,-1,0,-1.0,-1.0,1.0,0.0,1.0,0.0,-1,0,-1,0.0,0.0,0.0,-1.0,-1.0,-1.0,-1.0,-1.0,-1.0,-1.0,0.0,-1,-1,Benign,Microsoft,147.32.85.x27,20.189.173.11,443,tcp,0,10
171,0.2858131578947367,0.402968066322231,0.0409356725146198,188579,3307032,17.53658678856076,0.7134502923976608,1842,2297,0.4532995238106632,4.463202171389264,0.8586956521739131,-1.0,0.7934782608695652,-1.0,-1.0,-1,0,-1.0,-1.0,1.0,0.0,1.0,0.0,-1,0,-1,0.0217391304347826,0.0,0.0,-1.0,-1.0,-1.0,-1.0,-1.0,-1.0,-1.0,0.0,-1,-1,Benign,(empty),147.32.85.x27,90.183.101.70,443,tcp,0,10
1,113.448418,0.0,0.0,922,6222,6.748373101952278,1.0,16,24,-1.0,-1.0,0.0,-1.0,0.0,-1.0,-1.0,-1,0,-1.0,-1.0,1.0,0.0,1.0,0.0,-1,0,-1,0.0,0.0,0.0,-1.0,-1.0,-1.0,-1.0,-1.0,-1.0,-1.0,0.0,-1,-1,Benign,Microsoft,147.32.85.x27,52.109.12.20,443,tcp,0,10
8,50.205273250000005,64.95445537081072,0.25,6079,18148,2.9853594341174534,1.0,120,145,0.607261061668396,0.8587895883026936,0.0,-1.0,0.375,-1.0,-1.0,-1,0,-1.0,-1.0,1.0,0.0,1.0,0.0,-1,0,-1,0.25,0.0,0.0,-1.0,-1.0,-1.0,-1.0,-1.0,-1.0,-1.0,0.0,-1,-1,Benign,(empty),147.32.85.x27,104.18.13.169,443,tcp,0,10
1,76.238301,0.0,0.0,1901,96669,50.85165702261968,1.0,41,63,-1.0,-1.0,0.0,-1.0,0.0,-1.0,-1.0,-1,0,-1.0,-1.0,1.0,0.0,1.0,0.0,-1,0,-1,0.0,0.0,0.0,-1.0,-1.0,-1.0,-1.0,-1.0,-1.0,-1.0,0.0,-1,-1,Benign,(empty),147.32.85.x27,185.181.176.123,443,tcp,0,10
3,49.631106,70.03827500020377,0.3333333333333333,7791,18475,2.3713258888461044,1.0,60,70,2.002716064453125e-05,0.0,0.0,-1.0,0.3333333333333333,-1.0,-1.0,-1,0,-1.0,-1.0,1.0,0.0,1.0,0.0,-1,0,-1,0.0,0.0,0.0,-1.0,-1.0,-1.0,-1.0,-1.0,-1.0,-1.0,0.0,-1,-1,Benign,(empty),147.32.85.x27,35.241.15.240,443,tcp,0,10
3,25.70590233333333,34.55066868570682,0.3333333333333333,6875,17997,2.6177454545454544,1.0,111,128,1.4066696166992188e-05,0.0,0.0,-1.0,0.6666666666666666,-1.0,-1.0,-1,0,-1.0,-1.0,1.0,0.0,1.0,0.0,-1,0,-1,0.0,0.0,0.0,-1.0,-1.0,-1.0,-1.0,-1.0,-1.0,-1.0,0.0,-1,-1,Benign,(empty),147.32.85.x27,185.181.176.51,443,tcp,0,10
2,134.0398535,0.0204255000000017,0.5,3345,12265,3.6666666666666665,1.0,42,50,-1.0,-1.0,0.0,-1.0,1.0,-1.0,-1.0,-1,0,-1.0,-1.0,1.0,0.0,1.0,0.0,-1,0,-1,1.0,0.0,0.0,-1.0,-1.0,-1.0,-1.0,-1.0,-1.0,-1.0,0.0,-1,-1,Benign,(empty),147.32.85.x27,142.251.36.70,443,tcp,0,10
1,90.327803,0.0,0.0,1115,18562,16.647533632286997,1.0,30,30,-1.0,-1.0,0.0,-1.0,0.0,-1.0,-1.0,-1,0,-1.0,-1.0,1.0,0.0,1.0,0.0,-1,0,-1,0.0,0.0,0.0,-1.0,-1.0,-1.0,-1.0,-1.0,-1.0,-1.0,0.0,-1,-1,Benign,(empty),147.32.85.x27,199.232.136.157,443,tcp,0,10
1,90.518085,0.0,0.0,1860,7413,3.985483870967742,1.0,32,30,-1.0,-1.0,0.0,-1.0,1.0,-1.0,-1.0,-1,0,-1.0,-1.0,1.0,0.0,1.0,0.0,-1,0,-1,0.0,0.0,0.0,-1.0,-1.0,-1.0,-1.0,-1.0,-1.0,-1.0,0.0,-1,-1,Benign,(empty),147.32.85.x27,185.184.8.90,443,tcp,0,10
4,72.0506395,62.1737068647673,0.25,5120,29654,5.791796875,0.75,93,75,29.29215812683105,28.39365100860596,0.3333333333333333,-1.0,0.6666666666666666,-1.0,-1.0,-1,0,-1.0,-1.0,1.0,0.0,1.0,0.0,-1,0,-1,1.0,0.0,0.0,-1.0,-1.0,-1.0,-1.0,-1.0,-1.0,-1.0,0.0,-1,-1,Benign,(empty),147.32.85.x27,2.23.9.94,443,tcp,0,10
1,133.695372,0.0,0.0,1505,3531,2.3461794019933557,1.0,22,24,-1.0,-1.0,0.0,-1.0,0.0,-1.0,-1.0,-1,0,-1.0,-1.0,1.0,0.0,1.0,0.0,-1,0,-1,0.0,0.0,0.0,-1.0,-1.0,-1.0,-1.0,-1.0,-1.0,-1.0,0.0,-1,-1,Benign,(empty),147.32.85.x27,104.244.42.3,443,tcp,0,10
1,133.697087,0.0,0.0,1367,3614,2.643745427944404,1.0,22,24,-1.0,-1.0,0.0,-1.0,0.0,-1.0,-1.0,-1,0,-1.0,-1.0,1.0,0.0,1.0,0.0,-1,0,-1,0.0,0.0,0.0,-1.0,-1.0,-1.0,-1.0,-1.0,-1.0,-1.0,0.0,-1,-1,Benign,(empty),147.32.85.x27,104.244.42.69,443,tcp,0,10
1,90.095353,0.0,0.0,1075,22087,20.546046511627907,1.0,26,32,-1.0,-1.0,0.0,-1.0,1.0,-1.0,-1.0,-1,0,-1.0,-1.0,1.0,0.0,1.0,0.0,-1,0,-1,0.0,0.0,0.0,-1.0,-1.0,-1.0,-1.0,-1.0,-1.0,-1.0,0.0,-1,-1,Benign,(empty),147.32.85.x27,65.9.95.97,443,tcp,0,10
1,90.07825,0.0,0.0,1079,70916,65.72381835032438,1.0,31,35,-1.0,-1.0,0.0,-1.0,1.0,-1.0,-1.0,-1,0,-1.0,-1.0,1.0,0.0,1.0,0.0,-1,0,-1,0.0,0.0,0.0,-1.0,-1.0,-1.0,-1.0,-1.0,-1.0,-1.0,0.0,-1,-1,Benign,(empty),147.32.85.x27,65.9.95.21,443,tcp,0,10
2,20.1191475,0.0311035000000003,0.0,2653,7386,2.784018092725217,1.0,56,38,-1.0,-1.0,0.0,-1.0,0.5,-1.0,-1.0,-1,0,-1.0,-1.0,1.0,0.0,1.0,0.0,-1,0,-1,0.0,0.0,0.0,-1.0,-1.0,-1.0,-1.0,-1.0,-1.0,-1.0,0.0,-1,-1,Benign,(empty),147.32.85.x27,23.47.213.73,443,tcp,0,10
1,90.082492,0.0,0.0,1208,7694,6.369205298013245,1.0,18,22,-1.0,-1.0,0.0,-1.0,0.0,-1.0,-1.0,-1,0,-1.0,-1.0,1.0,0.0,1.0,0.0,-1,0,-1,0.0,0.0,0.0,-1.0,-1.0,-1.0,-1.0,-1.0,-1.0,-1.0,0.0,-1,-1,Benign,(empty),147.32.85.x27,65.9.95.109,443,tcp,0,10
1,0.179483,0.0,0.0,1434,4185,2.918410041841004,1.0,16,19,-1.0,-1.0,0.0,-1.0,1.0,-1.0,-1.0,-1,0,-1.0,-1.0,1.0,0.0,1.0,0.0,-1,0,-1,0.0,0.0,0.0,-1.0,-1.0,-1.0,-1.0,-1.0,-1.0,-1.0,0.0,-1,-1,Benign,(empty),147.32.85.x27,178.250.0.157,443,tcp,0,10
1,80.648747,0.0,0.0,1582,6333,4.003160556257901,1.0,13,20,-1.0,-1.0,0.0,-1.0,1.0,-1.0,-1.0,-1,0,-1.0,-1.0,1.0,0.0,1.0,0.0,-1,0,-1,0.0,0.0,0.0,-1.0,-1.0,-1.0,-1.0,-1.0,-1.0,-1.0,0.0,-1,-1,Benign,(empty),147.32.85.x27,35.158.53.3,443,tcp,0,10
1,10.108864,0.0,0.0,1526,13134,8.606815203145478,1.0,13,16,-1.0,-1.0,0.0,-1.0,0.0,-1.0,-1.0,-1,0,-1.0,-1.0,1.0,0.0,1.0,0.0,-1,0,-1,0.0,0.0,0.0,-1.0,-1.0,-1.0,-1.0,-1.0,-1.0,-1.0,0.0,-1,-1,Benign,(empty),147.32.85.x27,178.250.2.151,443,tcp,0,10
1,20.643984,0.0,0.0,1159,5389,4.64969801553063,1.0,13,12,-1.0,-1.0,0.0,-1.0,0.0,-1.0,-1.0,-1,0,-1.0,-1.0,1.0,0.0,1.0,0.0,-1,0,-1,0.0,0.0,0.0,-1.0,-1.0,-1.0,-1.0,-1.0,-1.0,-1.0,0.0,-1,-1,Benign,(empty),147.32.85.x27,2.23.8.24,443,tcp,0,10
1,3.658498,0.0,0.0,1246,6163,4.946227929373997,1.0,24,25,-1.0,-1.0,0.0,-1.0,1.0,-1.0,-1.0,-1,0,-1.0,-1.0,1.0,0.0,1.0,0.0,-1,0,-1,0.0,0.0,0.0,-1.0,-1.0,-1.0,-1.0,-1.0,-1.0,-1.0,0.0,-1,-1,Benign,(empty),147.32.85.x27,18.193.215.198,443,tcp,0,10
1,90.679948,0.0,0.0,1220,5889,4.827049180327869,1.0,22,17,-1.0,-1.0,0.0,-1.0,1.0,-1.0,-1.0,-1,0,-1.0,-1.0,1.0,0.0,1.0,0.0,-1,0,-1,0.0,0.0,0.0,-1.0,-1.0,-1.0,-1.0,-1.0,-1.0,-1.0,0.0,-1,-1,Benign,(empty),147.32.85.x27,13.248.245.213,443,tcp,0,10
1,29.610585,0.0,0.0,1404,5148,3.6666666666666665,1.0,22,22,-1.0,-1.0,0.0,-1.0,1.0,-1.0,-1.0,-1,0,-1.0,-1.0,1.0,0.0,1.0,0.0,-1,0,-1,0.0,0.0,0.0,-1.0,-1.0,-1.0,-1.0,-1.0,-1.0,-1.0,0.0,-1,-1,Benign,(empty),147.32.85.x27,3.126.56.137,443,tcp,0,10
1,21.697476,0.0,0.0,1280,4018,3.1390625,1.0,7,13,-1.0,-1.0,0.0,-1.0,1.0,-1.0,-1.0,-1,0,-1.0,-1.0,1.0,0.0,1.0,0.0,-1,0,-1,0.0,0.0,0.0,-1.0,-1.0,-1.0,-1.0,-1.0,-1.0,-1.0,0.0,-1,-1,Benign,(empty),147.32.85.x27,70.42.32.159,443,tcp,0,10
1,20.738256,0.0,0.0,1171,5834,4.982066609735269,1.0,13,18,-1.0,-1.0,0.0,-1.0,1.0,-1.0,-1.0,-1,0,-1.0,-1.0,1.0,0.0,1.0,0.0,-1,0,-1,0.0,0.0,0.0,-1.0,-1.0,-1.0,-1.0,-1.0,-1.0,-1.0,0.0,-1,-1,Benign,(empty),147.32.85.x27,185.255.84.153,443,tcp,0,10
1,132.961595,0.0,0.0,1632,4374,2.680147058823529,1.0,14,15,-1.0,-1.0,0.0,2048.0,1.0,392.0,0.0,0,1,2.0,0.2531485630717996,2.0,1.0,1.0,0.0,1,0,1,0.0,0.0,0.0,0.0,0.0,0.0,1.0,1.0,0.0,65537.0,0.0,-1,-1,Benign,(empty),147.32.85.x27,69.173.144.165,443,tcp,0,10
1,45.68832,0.0,0.0,1232,6495,5.271915584415584,1.0,8,18,-1.0,-1.0,0.0,-1.0,0.0,-1.0,-1.0,-1,0,-1.0,-1.0,1.0,0.0,1.0,0.0,-1,0,-1,0.0,0.0,0.0,-1.0,-1.0,-1.0,-1.0,-1.0,-1.0,-1.0,0.0,-1,-1,Benign,(empty),147.32.85.x27,3.120.22.117,443,tcp,0,10
1,0.166923,0.0,0.0,2092,7954,3.802103250478012,1.0,10,26,-1.0,-1.0,0.0,-1.0,0.0,-1.0,-1.0,-1,0,-1.0,-1.0,1.0,0.0,1.0,0.0,-1,0,-1,0.0,0.0,0.0,-1.0,-1.0,-1.0,-1.0,-1.0,-1.0,-1.0,0.0,-1,-1,Benign,Microsoft,147.32.85.x27,20.82.250.189,443,tcp,0,10
1,20.160833,0.0,0.0,843,5028,5.9644128113879,1.0,30,30,-1.0,-1.0,0.0,-1.0,0.0,-1.0,-1.0,-1,0,-1.0,-1.0,1.0,0.0,1.0,0.0,-1,0,-1,0.0,0.0,0.0,-1.0,-1.0,-1.0,-1.0,-1.0,-1.0,-1.0,0.0,-1,-1,Benign,(empty),147.32.85.x27,23.47.208.63,443,tcp,0,10
3,116.05110233333332,14.559600471586036,0.3333333333333333,4181,858,0.2052140636211432,0.3333333333333333,36,35,47.02652382850647,0.0,2.0,-1.0,1.0,-1.0,-1.0,-1,0,-1.0,-1.0,1.0,0.0,1.0,0.0,-1,0,-1,0.0,0.0,0.0,-1.0,-1.0,-1.0,-1.0,-1.0,-1.0,-1.0,0.0,-1,-1,Benign,Microsoft,147.32.85.x27,204.79.197.222,443,tcp,0,10
1,8e-06,0.0,0.0,134,0,0.0,0.0,0,2,-1.0,-1.0,0.0,-1.0,0.0,-1.0,-1.0,-1,0,-1.0,-1.0,1.0,0.0,1.0,0.0,-1,0,-1,0.0,0.0,0.0,-1.0,-1.0,-1.0,-1.0,-1.0,-1.0,-1.0,1.0,-1,-1,Malicious,External-Attack-to-Device,185.165.190.x30,147.32.85.12,5684,udp,0,20
